date,close,cum_return,nav
2017-01-24,1.0,0.0,100.0
2017-01-25,1.0,0.0,100.0
2017-02-02,0.9995,-0.0004999999999999449,99.95
2017-02-09,1.0046,0.0045999999999999375,100.46
2017-02-16,0.9962,-0.0038000000000000256,99.62
2017-02-23,1.0134,0.013400000000000079,101.34
2017-03-02,1.0051,0.0051000000000001044,100.51
2017-03-05,1.0146,0.014599999999999946,101.46
2017-03-06,1.0103,0.010299999999999976,101.03
2017-03-07,1.005,0.004999999999999893,100.49999999999999
2017-03-08,0.9914,-0.008600000000000052,99.14
2017-03-09,0.9942,-0.005800000000000027,99.42
2017-03-12,1.0061,0.006099999999999994,100.61
2017-03-13,1.0095,0.009500000000000064,100.95
2017-03-14,1.0092,0.009200000000000097,100.92000000000002
2017-03-15,1.0196,0.019600000000000062,101.96000000000001
2017-03-16,1.0019,0.0019000000000000128,100.19
2017-03-19,0.9996,-0.00039999999999995595,99.96000000000001
2017-03-20,0.994,-0.006000000000000005,99.4
2017-03-21,0.9875,-0.012499999999999956,98.75
2017-03-22,0.9911,-0.008900000000000019,99.11
2017-03-23,0.9896,-0.010399999999999965,98.96000000000001
2017-03-26,0.9844,-0.015599999999999947,98.44000000000001
2017-03-27,0.9819,-0.018100000000000005,98.19
2017-03-28,0.984,-0.016000000000000014,98.4
2017-03-29,0.9673,-0.03269999999999995,96.73
2017-03-30,0.9754,-0.024599999999999955,97.54
2017-04-04,1.0027,0.0026999999999999247,100.27
2017-04-05,1.0061,0.006099999999999994,100.61
2017-04-06,1.0032,0.0032000000000000917,100.32000000000001
2017-04-09,0.9928,-0.007199999999999984,99.28
2017-04-10,0.9897,-0.010299999999999976,98.97
2017-04-11,0.9878,-0.012199999999999989,98.78
2017-04-12,0.9916,-0.008399999999999963,99.16
2017-04-13,0.9818,-0.018199999999999994,98.18
2017-04-16,0.9758,-0.0242,97.58
2017-04-17,0.9596,-0.04039999999999999,95.96000000000001
2017-04-18,0.9403,-0.059699999999999975,94.03
2017-04-19,0.9369,-0.06310000000000004,93.69
2017-04-20,0.9337,-0.06630000000000003,93.37
2017-04-23,0.9119,-0.08809999999999996,91.19
2017-04-24,0.9123,-0.0877,91.23
2017-04-25,0.918,-0.08199999999999996,91.8
2017-04-26,0.9261,-0.07389999999999997,92.61
2017-04-27,0.9283,-0.07169999999999999,92.83
2017-05-01,0.9287,-0.07130000000000003,92.86999999999999
2017-05-02,0.924,-0.07599999999999996,92.4
2017-05-03,0.9177,-0.08230000000000004,91.77
2017-05-04,0.9082,-0.09179999999999999,90.82000000000001
2017-05-07,0.902,-0.09799999999999998,90.2
2017-05-08,0.9064,-0.09360000000000002,90.64
2017-05-09,0.9033,-0.09670000000000001,90.33
2017-05-10,0.9054,-0.09460000000000002,90.53999999999999
2017-05-11,0.9053,-0.0947,90.53
2017-05-14,0.9071,-0.09289999999999998,90.71000000000001
2017-05-15,0.9106,-0.08940000000000003,91.06
2017-05-16,0.9076,-0.09240000000000004,90.75999999999999
2017-05-17,0.9055,-0.09450000000000003,90.55
2017-05-18,0.9048,-0.09519999999999995,90.48
2017-05-21,0.9012,-0.0988,90.12
2017-05-22,0.8953,-0.10470000000000002,89.53
2017-05-23,0.8949,-0.10509999999999997,89.49000000000001
2017-05-24,0.9007,-0.09930000000000005,90.07
2017-05-25,0.8993,-0.10070000000000001,89.92999999999999
2017-05-30,0.896,-0.10399999999999998,89.60000000000001
2017-05-31,0.8916,-0.10840000000000005,89.16
2017-06-01,0.8904,-0.10960000000000003,89.03999999999999
2017-06-04,0.8873,-0.11270000000000002,88.73
2017-06-05,0.8933,-0.10670000000000002,89.33
2017-06-06,0.9027,-0.09730000000000005,90.27
2017-06-07,0.9075,-0.09250000000000003,90.75
2017-06-08,0.9083,-0.0917,90.83
2017-06-11,0.9061,-0.09389999999999998,90.61
2017-06-12,0.9155,-0.08450000000000002,91.55
2017-06-13,0.9103,-0.0897,91.03
2017-06-14,0.9131,-0.08689999999999998,91.31
2017-06-15,0.9115,-0.08850000000000002,91.14999999999999
2017-06-18,0.9204,-0.0796,92.04
2017-06-19,0.9266,-0.07340000000000002,92.66
2017-06-20,0.9292,-0.07079999999999997,92.92
2017-06-21,0.9181,-0.08189999999999997,91.81
2017-06-22,0.9241,-0.07589999999999997,92.41
2017-06-25,0.9409,-0.05910000000000004,94.08999999999999
2017-06-26,0.9459,-0.05410000000000004,94.59
2017-06-27,0.9455,-0.05449999999999999,94.55
2017-06-28,0.9491,-0.050899999999999945,94.91000000000001
2017-06-29,0.9501,-0.049900000000000055,95.00999999999999
2017-07-02,0.9633,-0.036699999999999955,96.33
2017-07-03,0.9586,-0.04139999999999999,95.86
2017-07-04,0.9701,-0.029900000000000038,97.00999999999999
2017-07-05,0.987,-0.013000000000000012,98.7
2017-07-06,1.001,0.0009999999999998899,100.1
2017-07-09,1.0046,0.0045999999999999375,100.46
2017-07-10,0.9826,-0.01739999999999997,98.26
2017-07-11,0.9943,-0.005700000000000038,99.42999999999999
2017-07-12,0.9982,-0.0018000000000000238,99.82
2017-07-13,1.0046,0.0045999999999999375,100.46
2017-07-16,0.9873,-0.012700000000000045,98.72999999999999
2017-07-17,1.0125,0.012499999999999956,101.25
2017-07-18,1.0505,0.05049999999999999,105.05
2017-07-19,1.056,0.05600000000000005,105.60000000000001
2017-07-20,1.0598,0.059800000000000075,105.98
2017-07-23,1.0479,0.047900000000000054,104.79
2017-07-24,1.0386,0.03859999999999997,103.86
2017-07-25,1.0397,0.03970000000000007,103.97000000000001
2017-07-26,1.0244,0.024399999999999977,102.44
2017-07-27,1.0435,0.043500000000000094,104.35000000000001
2017-07-30,1.08,0.08000000000000007,108.0
2017-07-31,1.0715,0.0714999999999999,107.14999999999999
2017-08-01,1.0757,0.0757000000000001,107.57000000000001
2017-08-02,1.0934,0.09339999999999993,109.33999999999999
2017-08-03,1.0866,0.08660000000000001,108.66
2017-08-06,1.1258,0.1257999999999999,112.57999999999998
2017-08-07,1.1248,0.12480000000000002,112.48
2017-08-08,1.1454,0.14539999999999997,114.53999999999999
2017-08-09,1.1183,0.11830000000000007,111.83000000000001
2017-08-10,1.0487,0.048699999999999966,104.86999999999999
2017-08-13,1.0606,0.06059999999999999,106.06
2017-08-14,1.0603,0.06030000000000002,106.03
2017-08-15,1.0575,0.05750000000000011,105.75000000000001
2017-08-16,1.0636,0.0636000000000001,106.36000000000001
2017-08-17,1.0562,0.05620000000000003,105.62
2017-08-20,1.0697,0.0697000000000001,106.97000000000001
2017-08-21,1.0652,0.06519999999999992,106.52
2017-08-22,1.0464,0.0464,104.64
2017-08-23,1.0402,0.040200000000000014,104.02
2017-08-24,1.0614,0.0613999999999999,106.13999999999999
2017-08-27,1.0731,0.07309999999999994,107.30999999999999
2017-08-28,1.0718,0.07180000000000009,107.18
2017-08-29,1.0958,0.09580000000000011,109.58000000000001
2017-08-30,1.1093,0.10929999999999995,110.92999999999999
2017-08-31,1.1338,0.13379999999999992,113.38
2017-09-03,1.1278,0.1277999999999999,112.77999999999999
2017-09-04,1.1309,0.13090000000000002,113.09
2017-09-05,1.1353,0.13529999999999998,113.53
2017-09-06,1.1209,0.12090000000000001,112.09
2017-09-07,1.1259,0.1258999999999999,112.58999999999999
2017-09-10,1.1421,0.1420999999999999,114.21
2017-09-11,1.1411,0.1411,114.11
2017-09-12,1.1502,0.1501999999999999,115.01999999999998
2017-09-13,1.1344,0.13440000000000007,113.44000000000001
2017-09-14,1.0946,0.09460000000000002,109.46000000000001
2017-09-17,1.0897,0.08969999999999989,108.96999999999998
2017-09-18,1.0883,0.08830000000000005,108.83
2017-09-19,1.109,0.10899999999999999,110.9
2017-09-20,1.0836,0.0835999999999999,108.35999999999999
2017-09-21,1.0667,0.06669999999999998,106.67
2017-09-24,1.0523,0.05230000000000001,105.23
2017-09-25,1.0641,0.06410000000000005,106.41000000000001
2017-09-26,1.0857,0.08570000000000011,108.57000000000001
2017-09-27,1.0754,0.07539999999999991,107.53999999999999
2017-09-28,1.0771,0.07709999999999995,107.71
2017-10-08,1.0822,0.08220000000000005,108.22
2017-10-09,1.0706,0.0706,107.06
2017-10-10,1.0628,0.06279999999999997,106.28
2017-10-11,1.0589,0.05889999999999995,105.89
2017-10-12,1.064,0.06400000000000006,106.4
2017-10-15,1.0632,0.06319999999999992,106.32
2017-10-16,1.0507,0.05069999999999997,105.07
2017-10-17,1.033,0.03299999999999992,103.3
2017-10-18,1.0195,0.019500000000000073,101.95
2017-10-19,1.0381,0.03810000000000002,103.81
2017-10-22,1.0349,0.03489999999999993,103.49
2017-10-23,1.0379,0.037900000000000045,103.79
2017-10-24,1.0425,0.04249999999999998,104.25
2017-10-25,1.0541,0.05410000000000004,105.41
2017-10-26,1.0475,0.0475000000000001,104.75000000000001
2017-10-29,1.0211,0.021099999999999897,102.10999999999999
2017-10-30,1.0291,0.029099999999999904,102.91
2017-10-31,1.0311,0.031099999999999905,103.10999999999999
2017-11-01,1.0304,0.030399999999999983,103.03999999999999
2017-11-02,1.0088,0.008799999999999919,100.88
2017-11-05,1.0231,0.0230999999999999,102.30999999999999
2017-11-06,1.0417,0.04170000000000007,104.17
2017-11-07,1.047,0.04699999999999993,104.69999999999999
2017-11-08,1.0585,0.058499999999999996,105.85
2017-11-09,1.0626,0.06259999999999999,106.26
2017-11-12,1.0838,0.0838000000000001,108.38000000000001
2017-11-13,1.0936,0.0935999999999999,109.35999999999999
2017-11-14,1.0701,0.07010000000000005,107.01
2017-11-15,1.075,0.07499999999999996,107.5
2017-11-16,1.0462,0.04620000000000002,104.62
2017-11-19,1.0553,0.055299999999999905,105.52999999999999
2017-11-20,1.0547,0.05469999999999997,105.47
2017-11-21,1.0576,0.057600000000000096,105.76
2017-11-22,1.0276,0.02760000000000007,102.76
2017-11-23,1.034,0.03400000000000003,103.4
2017-11-26,1.026,0.026000000000000023,102.60000000000001
2017-11-27,1.0657,0.06570000000000009,106.57000000000001
2017-11-28,1.0941,0.09410000000000007,109.41000000000001
2017-11-29,1.0859,0.08590000000000009,108.59
2017-11-30,1.086,0.08600000000000008,108.60000000000001
2017-12-03,1.079,0.07899999999999996,107.89999999999999
2017-12-04,1.0568,0.05679999999999996,105.67999999999999
2017-12-05,1.0442,0.04420000000000002,104.42
2017-12-06,1.0267,0.026699999999999946,102.66999999999999
2017-12-07,1.0414,0.0414000000000001,104.14000000000001
2017-12-10,1.0496,0.04960000000000009,104.96000000000001
2017-12-11,1.0409,0.040899999999999936,104.08999999999999
2017-12-12,1.0437,0.04370000000000007,104.37
2017-12-13,1.0445,0.044499999999999984,104.45
2017-12-14,1.0271,0.027099999999999902,102.71
2017-12-17,1.0292,0.029199999999999893,102.91999999999999
2017-12-18,1.0403,0.0403,104.03
2017-12-19,1.0281,0.028100000000000014,102.81
2017-12-20,1.0374,0.0374000000000001,103.74000000000001
2017-12-21,1.0431,0.043099999999999916,104.30999999999999
2017-12-24,1.0333,0.03330000000000011,103.33000000000001
2017-12-25,1.0361,0.03610000000000002,103.61
2017-12-26,1.0321,0.03210000000000002,103.21000000000001
2017-12-27,1.0464,0.0464,104.64
2017-12-28,1.0495,0.0495000000000001,104.95000000000002
2017-12-30,1.0494,0.04940000000000011,104.94000000000001
2018-01-01,1.0823,0.08230000000000004,108.23
2018-01-02,1.0901,0.09010000000000007,109.01
2018-01-03,1.1082,0.10820000000000007,110.82000000000001
2018-01-04,1.1015,0.10149999999999992,110.14999999999999
2018-01-07,1.1216,0.12159999999999993,112.16
2018-01-08,1.1188,0.11880000000000002,111.88
2018-01-09,1.1155,0.11549999999999994,111.55
2018-01-10,1.1028,0.1028,110.28
2018-01-11,1.1011,0.10109999999999997,110.11
2018-01-14,1.0752,0.07519999999999993,107.52
2018-01-15,1.0777,0.0777000000000001,107.77000000000001
2018-01-16,1.0757,0.0757000000000001,107.57000000000001
2018-01-17,1.0858,0.0858000000000001,108.58000000000001
2018-01-18,1.0855,0.08549999999999991,108.55
2018-01-21,1.1023,0.10230000000000006,110.23
2018-01-22,1.1104,0.11040000000000005,111.04
2018-01-23,1.1053,0.10529999999999995,110.53
2018-01-24,1.1122,0.11220000000000008,111.22000000000001
2018-01-25,1.1126,0.11260000000000003,111.26
2018-01-28,1.122,0.12200000000000011,112.20000000000002
2018-01-29,1.1132,0.11319999999999997,111.32
2018-01-30,1.1061,0.10610000000000008,110.61000000000001
2018-01-31,1.0851,0.08509999999999995,108.50999999999999
2018-02-01,1.1127,0.11270000000000002,111.27
2018-02-04,1.1202,0.12020000000000008,112.02000000000001
2018-02-05,1.0708,0.07079999999999997,107.08
2018-02-06,1.0577,0.057700000000000085,105.77000000000001
2018-02-07,1.0534,0.05339999999999989,105.33999999999999
2018-02-08,1.0074,0.007400000000000073,100.74000000000001
2018-02-11,1.0208,0.02079999999999993,102.08
2018-02-12,1.0255,0.025500000000000078,102.55000000000001
2018-02-13,1.0409,0.040899999999999936,104.08999999999999
2018-02-21,1.0559,0.05590000000000006,105.59
2018-02-22,1.0718,0.07180000000000009,107.18
2018-02-25,1.089,0.08899999999999997,108.89999999999999
2018-02-26,1.0719,0.07190000000000007,107.19000000000001
2018-02-27,1.0778,0.07780000000000009,107.78000000000002
2018-02-28,1.0828,0.08279999999999998,108.28
2018-03-01,1.0651,0.06509999999999994,106.50999999999999
2018-03-04,1.0598,0.059800000000000075,105.98
2018-03-05,1.0823,0.08230000000000004,108.23
2018-03-06,1.0627,0.06269999999999998,106.27
2018-03-07,1.0672,0.06719999999999993,106.72
2018-03-08,1.0647,0.06469999999999998,106.47
2018-03-11,1.0765,0.07650000000000001,107.65
2018-03-12,1.0677,0.0677000000000001,106.77000000000001
2018-03-13,1.0663,0.06630000000000003,106.63
2018-03-14,1.0537,0.05370000000000008,105.37
2018-03-15,1.0467,0.046699999999999964,104.67
2018-03-18,1.0447,0.04469999999999996,104.47
2018-03-19,1.0508,0.050799999999999956,105.08
2018-03-20,1.0428,0.04279999999999995,104.28
2018-03-21,1.0337,0.03370000000000006,103.37
2018-03-22,0.9784,-0.021599999999999953,97.84
2018-03-25,0.9893,-0.010700000000000043,98.92999999999999
2018-03-26,1.0154,0.01540000000000008,101.54
2018-03-27,1.005,0.004999999999999893,100.49999999999999
2018-03-28,1.0149,0.014899999999999913,101.49
2018-03-29,1.0293,0.029300000000000104,102.93
2018-04-01,1.0344,0.034399999999999986,103.44
2018-04-02,1.0209,0.02089999999999992,102.08999999999999
2018-04-03,1.0087,0.00869999999999993,100.86999999999999
2018-04-08,1.0181,0.018100000000000005,101.81
2018-04-09,1.034,0.03400000000000003,103.4
2018-04-10,1.0374,0.0374000000000001,103.74000000000001
2018-04-11,1.0304,0.030399999999999983,103.03999999999999
2018-04-12,1.0366,0.036599999999999966,103.66
2018-04-15,1.0255,0.025500000000000078,102.55000000000001
2018-04-16,1.0059,0.005900000000000016,100.59
2018-04-17,1.0256,0.025600000000000067,102.56
2018-04-18,1.04,0.040000000000000036,104.0
2018-04-19,1.0133,0.01330000000000009,101.33000000000001
2018-04-22,1.0078,0.007800000000000029,100.78
2018-04-23,1.0357,0.035700000000000065,103.57000000000001
2018-04-24,1.0266,0.026599999999999957,102.66
2018-04-25,1.012,0.01200000000000001,101.2
2018-04-26,1.0137,0.013700000000000045,101.37
2018-05-01,1.0154,0.01540000000000008,101.54
2018-05-02,1.0236,0.023600000000000065,102.36000000000001
2018-05-03,1.0207,0.02069999999999994,102.07
2018-05-06,1.0445,0.044499999999999984,104.45
2018-05-07,1.0525,0.05249999999999999,105.25
2018-05-08,1.0435,0.043500000000000094,104.35000000000001
2018-05-09,1.0551,0.05509999999999993,105.50999999999999
2018-05-10,1.052,0.052000000000000046,105.2
2018-05-13,1.0431,0.043099999999999916,104.30999999999999
2018-05-14,1.0587,0.058699999999999974,105.87
2018-05-15,1.0472,0.04719999999999991,104.71999999999998
2018-05-16,1.0475,0.0475000000000001,104.75000000000001
2018-05-17,1.0679,0.06790000000000007,106.79
2018-05-20,1.0833,0.08329999999999993,108.33
2018-05-21,1.0863,0.08630000000000004,108.63000000000001
2018-05-22,1.0623,0.06230000000000002,106.23
2018-05-23,1.0583,0.05830000000000002,105.83
2018-05-24,1.0388,0.038799999999999946,103.88
2018-05-27,1.0296,0.02960000000000007,102.96000000000001
2018-05-28,1.0284,0.02839999999999998,102.84
2018-05-29,0.9954,-0.0046000000000000485,99.53999999999999
2018-05-30,1.0096,0.009600000000000053,100.96000000000001
2018-05-31,1.0052,0.0052000000000000934,100.52000000000001
2018-06-03,0.9955,-0.0044999999999999485,99.55000000000001
2018-06-04,1.0198,0.01980000000000004,101.98
2018-06-05,1.025,0.02499999999999991,102.49999999999999
2018-06-06,1.0254,0.02540000000000009,102.54
2018-06-07,1.0145,0.014499999999999957,101.44999999999999
2018-06-10,1.0105,0.010499999999999954,101.05
2018-06-11,1.0211,0.021099999999999897,102.10999999999999
2018-06-12,1.008,0.008000000000000007,100.8
2018-06-13,1.0133,0.01330000000000009,101.33000000000001
2018-06-14,0.9929,-0.007099999999999995,99.29
2018-06-18,0.9323,-0.06769999999999998,93.23
2018-06-19,0.9487,-0.05130000000000001,94.87
2018-06-20,0.9337,-0.06630000000000003,93.37
2018-06-21,0.9563,-0.04369999999999996,95.63000000000001
2018-06-24,0.9464,-0.05359999999999998,94.64
2018-06-25,0.9449,-0.05510000000000004,94.49
2018-06-26,0.9358,-0.06420000000000003,93.58
2018-06-27,0.9269,-0.07310000000000005,92.69
2018-06-28,0.9554,-0.04459999999999997,95.54
2018-06-29,0.9553,-0.04469999999999996,95.53
2018-07-01,0.9376,-0.06240000000000001,93.76
2018-07-02,0.9472,-0.05279999999999996,94.72
2018-07-03,0.9313,-0.06869999999999998,93.13
2018-07-04,0.9091,-0.09089999999999998,90.91
2018-07-05,0.9129,-0.08709999999999996,91.29
2018-07-08,0.9455,-0.05449999999999999,94.55
2018-07-09,0.9579,-0.042100000000000026,95.78999999999999
2018-07-10,0.9498,-0.05020000000000002,94.98
2018-07-11,0.9722,-0.027800000000000047,97.22
2018-07-12,0.9774,-0.022599999999999953,97.74000000000001
2018-07-15,0.9766,-0.023399999999999976,97.66
2018-07-16,0.9685,-0.03149999999999997,96.85000000000001
2018-07-17,0.9569,-0.04310000000000003,95.69
2018-07-18,0.9594,-0.04059999999999997,95.94
2018-07-19,0.9696,-0.030399999999999983,96.96000000000001
2018-07-22,0.9997,-0.00029999999999996696,99.97
2018-07-23,1.0149,0.014899999999999913,101.49
2018-07-24,1.0134,0.013400000000000079,101.34
2018-07-25,1.002,0.0020000000000000018,100.2
2018-07-26,1.0012,0.0012000000000000899,100.12
2018-07-29,1.0008,0.0007999999999999119,100.07999999999998
2018-07-30,0.9979,-0.0020999999999999908,99.79
2018-07-31,0.9816,-0.018399999999999972,98.16
2018-08-01,0.9681,-0.03190000000000004,96.81
2018-08-02,0.9572,-0.04279999999999995,95.72
2018-08-05,0.9311,-0.06889999999999996,93.11
2018-08-06,0.9595,-0.04049999999999998,95.95
2018-08-07,0.937,-0.06299999999999994,93.7
2018-08-08,0.9612,-0.038799999999999946,96.12
2018-08-09,0.9663,-0.03369999999999995,96.63000000000001
2018-08-12,0.9795,-0.020499999999999963,97.95
2018-08-13,0.9724,-0.027599999999999958,97.24000000000001
2018-08-14,0.9551,-0.04490000000000005,95.50999999999999
2018-08-15,0.9408,-0.05920000000000003,94.08
2018-08-16,0.9294,-0.0706,92.94
2018-08-19,0.9377,-0.06230000000000002,93.77
2018-08-20,0.9518,-0.04820000000000002,95.17999999999999
2018-08-21,0.9473,-0.05269999999999997,94.73
2018-08-22,0.9472,-0.05279999999999996,94.72
2018-08-23,0.9374,-0.06259999999999999,93.74
2018-08-26,0.9556,-0.044399999999999995,95.56
2018-08-27,0.9599,-0.040100000000000025,95.99
2018-08-28,0.9526,-0.0474,95.26
2018-08-29,0.9385,-0.0615,93.85
2018-08-30,0.9288,-0.07120000000000004,92.88
2018-09-02,0.9305,-0.0695,93.05
2018-09-03,0.9408,-0.05920000000000003,94.08
2018-09-04,0.9232,-0.07679999999999998,92.32000000000001
2018-09-05,0.9147,-0.08530000000000004,91.47
2018-09-06,0.9251,-0.07489999999999997,92.51
2018-09-09,0.9085,-0.09150000000000003,90.85
2018-09-10,0.892,-0.10799999999999998,89.2
2018-09-11,0.8884,-0.11160000000000003,88.84
2018-09-12,0.9011,-0.09889999999999999,90.11
2018-09-13,0.8969,-0.10309999999999997,89.69
2018-09-16,0.8841,-0.1159,88.41
2018-09-17,0.9019,-0.09809999999999997,90.19
2018-09-18,0.9112,-0.08879999999999999,91.12
2018-09-19,0.9132,-0.08679999999999999,91.32000000000001
2018-09-20,0.9267,-0.07330000000000003,92.67
2018-09-24,0.9236,-0.07640000000000002,92.36
2018-09-25,0.93,-0.06999999999999995,93.0
2018-09-26,0.9283,-0.07169999999999999,92.83
2018-09-27,0.9326,-0.06740000000000002,93.26
2018-10-07,0.9068,-0.09319999999999995,90.68
2018-10-08,0.9195,-0.08050000000000002,91.95
2018-10-09,0.9287,-0.07130000000000003,92.86999999999999
2018-10-10,0.885,-0.11499999999999999,88.5
2018-10-11,0.9056,-0.09440000000000004,90.56
2018-10-14,0.8822,-0.11780000000000002,88.22
2018-10-15,0.8555,-0.14449999999999996,85.55
2018-10-16,0.8734,-0.12660000000000005,87.33999999999999
2018-10-17,0.8379,-0.16210000000000002,83.78999999999999
2018-10-18,0.8553,-0.14470000000000005,85.53
2018-10-21,0.8911,-0.1089,89.11
2018-10-22,0.8772,-0.12280000000000002,87.72
2018-10-23,0.8743,-0.12570000000000003,87.42999999999999
2018-10-24,0.8712,-0.12880000000000003,87.12
2018-10-25,0.8684,-0.13160000000000005,86.83999999999999
2018-10-28,0.8467,-0.1533,84.67
2018-10-29,0.8466,-0.15339999999999998,84.66
2018-10-30,0.8612,-0.13880000000000003,86.11999999999999
2018-10-31,0.8627,-0.13729999999999998,86.27
2018-11-01,0.8853,-0.11470000000000002,88.53
2018-11-04,0.8844,-0.11560000000000004,88.44
2018-11-05,0.8817,-0.11829999999999996,88.17
2018-11-06,0.8705,-0.12949999999999995,87.05000000000001
2018-11-07,0.8701,-0.12990000000000002,87.01
2018-11-08,0.863,-0.137,86.3
2018-11-11,0.8748,-0.12519999999999998,87.48
2018-11-12,0.8749,-0.1251,87.49
2018-11-13,0.8598,-0.1402,85.98
2018-11-14,0.8675,-0.13249999999999995,86.75
2018-11-15,0.8659,-0.1341,86.59
2018-11-18,0.8683,-0.13170000000000004,86.83
2018-11-19,0.8511,-0.14890000000000003,85.11
2018-11-20,0.842,-0.15800000000000003,84.2
2018-11-21,0.8452,-0.15480000000000005,84.52
2018-11-22,0.8206,-0.1794,82.06
2018-11-25,0.8168,-0.18320000000000003,81.67999999999999
2018-11-26,0.819,-0.18100000000000005,81.89999999999999
2018-11-27,0.8299,-0.17010000000000003,82.99
2018-11-28,0.8163,-0.18369999999999997,81.63
2018-11-29,0.8249,-0.17510000000000003,82.49
2018-12-02,0.849,-0.15100000000000002,84.89999999999999
2018-12-03,0.8538,-0.1462,85.38
2018-12-04,0.8468,-0.1532,84.68
2018-12-05,0.8333,-0.16669999999999996,83.33
2018-12-06,0.8343,-0.16569999999999996,83.43
2018-12-09,0.8346,-0.1654,83.46000000000001
2018-12-10,0.8378,-0.1622,83.78
2018-12-11,0.838,-0.16200000000000003,83.8
2018-12-12,0.848,-0.15200000000000002,84.8
2018-12-13,0.8302,-0.16979999999999995,83.02000000000001
2018-12-16,0.8276,-0.1724,82.76
2018-12-17,0.8216,-0.1784,82.16
2018-12-18,0.8098,-0.19020000000000004,80.97999999999999
2018-12-19,0.8077,-0.19230000000000003,80.77
2018-12-20,0.8052,-0.19479999999999997,80.52
2018-12-23,0.8121,-0.18789999999999996,81.21000000000001
2018-12-24,0.8061,-0.19389999999999996,80.61
2018-12-25,0.7983,-0.2017,79.83
2018-12-26,0.789,-0.21099999999999997,78.9
2018-12-27,0.7873,-0.2127,78.73
2018-12-30,0.7873,-0.2127,78.73
2019-01-01,0.7787,-0.22130000000000005,77.86999999999999
2019-01-02,0.7771,-0.2229,77.71000000000001
2019-01-03,0.7893,-0.2107,78.93
2019-01-06,0.793,-0.20699999999999996,79.3
2019-01-07,0.7848,-0.21519999999999995,78.48
2019-01-08,0.7867,-0.21330000000000005,78.67
2019-01-09,0.7875,-0.21250000000000002,78.75
2019-01-10,0.7901,-0.20989999999999998,79.01
2019-01-13,0.7875,-0.21250000000000002,78.75
2019-01-14,0.7934,-0.2066,79.34
2019-01-15,0.79,-0.20999999999999996,79.0
2019-01-16,0.7866,-0.21340000000000003,78.66
2019-01-17,0.7915,-0.20850000000000002,79.14999999999999
2019-01-20,0.794,-0.20599999999999996,79.4
2019-01-21,0.7886,-0.21140000000000003,78.86
2019-01-22,0.7887,-0.21130000000000004,78.86999999999999
2019-01-23,0.7902,-0.2098,79.02
2019-01-24,0.7929,-0.20709999999999995,79.29
2019-01-27,0.8028,-0.19720000000000004,80.28
2019-01-28,0.7997,-0.20030000000000003,79.97
2019-01-29,0.8024,-0.1976,80.24
2019-01-30,0.7999,-0.20009999999999994,79.99000000000001
2019-01-31,0.8099,-0.19010000000000005,80.99
2019-02-10,0.814,-0.18600000000000005,81.39999999999999
2019-02-11,0.8258,-0.17420000000000002,82.58
2019-02-12,0.8321,-0.16790000000000005,83.21
2019-02-13,0.8287,-0.1713,82.87
2019-02-14,0.8263,-0.17369999999999997,82.63000000000001
2019-02-17,0.8422,-0.15780000000000005,84.22
2019-02-18,0.839,-0.16100000000000003,83.89999999999999
2019-02-19,0.8432,-0.15680000000000005,84.32
2019-02-20,0.8415,-0.15849999999999997,84.15
2019-02-21,0.8406,-0.1594,84.06
2019-02-24,0.8761,-0.12390000000000001,87.61
2019-02-25,0.8685,-0.13149999999999995,86.85000000000001
2019-02-26,0.8572,-0.14280000000000004,85.72
2019-02-27,0.8563,-0.14370000000000005,85.63
2019-02-28,0.8658,-0.13419999999999999,86.58
2019-03-03,0.8726,-0.12739999999999996,87.26
2019-03-04,0.8825,-0.11750000000000005,88.25
2019-03-05,0.8932,-0.1068,89.32
2019-03-06,0.8888,-0.11119999999999997,88.88000000000001
2019-03-07,0.8436,-0.15639999999999998,84.36
2019-03-10,0.8664,-0.13360000000000005,86.64
2019-03-11,0.8776,-0.12239999999999995,87.76
2019-03-12,0.8724,-0.12760000000000005,87.24
2019-03-13,0.8688,-0.13119999999999998,86.88
2019-03-14,0.8832,-0.11680000000000001,88.32
2019-03-17,0.8996,-0.10040000000000004,89.96
2019-03-18,0.8948,-0.10519999999999996,89.48
2019-03-19,0.8954,-0.10460000000000003,89.53999999999999
2019-03-20,0.8969,-0.10309999999999997,89.69
2019-03-21,0.8967,-0.10329999999999995,89.67
2019-03-24,0.8803,-0.11970000000000003,88.03
2019-03-25,0.8692,-0.13080000000000003,86.92
2019-03-26,0.8708,-0.12919999999999998,87.08
2019-03-27,0.8674,-0.13260000000000005,86.74
2019-03-28,0.8925,-0.10750000000000004,89.25
2019-03-31,0.9241,-0.07589999999999997,92.41
2019-04-01,0.9255,-0.07450000000000001,92.55
2019-04-02,0.9361,-0.06389999999999996,93.61
2019-04-03,0.9485,-0.05149999999999999,94.85
2019-04-07,0.9662,-0.03380000000000005,96.61999999999999
2019-04-08,0.9519,-0.04810000000000003,95.19
2019-04-09,0.9423,-0.057699999999999974,94.23
2019-04-10,0.9246,-0.07540000000000002,92.46
2019-04-11,0.9184,-0.0816,91.84
2019-04-14,0.9151,-0.08489999999999998,91.51
2019-04-15,0.9401,-0.05989999999999995,94.01
2019-04-16,0.9499,-0.05010000000000003,94.99
2019-04-17,0.9374,-0.06259999999999999,93.74
2019-04-18,0.9451,-0.05489999999999995,94.51
2019-04-21,0.9137,-0.08630000000000004,91.36999999999999
2019-04-22,0.9101,-0.08989999999999998,91.01
2019-04-23,0.912,-0.08799999999999997,91.2
2019-04-24,0.8833,-0.11670000000000003,88.33
2019-04-25,0.8667,-0.13329999999999997,86.67
2019-04-28,0.8482,-0.15180000000000005,84.82
2019-04-29,0.8526,-0.14739999999999998,85.26
2019-05-05,0.8165,-0.1835,81.65
2019-05-06,0.8259,-0.17410000000000003,82.59
2019-05-07,0.8183,-0.18169999999999997,81.83
2019-05-08,0.8063,-0.19369999999999998,80.63
2019-05-09,0.8272,-0.17279999999999995,82.72
2019-05-12,0.8159,-0.18410000000000004,81.58999999999999
2019-05-13,0.8114,-0.1886,81.14
2019-05-14,0.8276,-0.1724,82.76
2019-05-15,0.8349,-0.16510000000000002,83.49
2019-05-16,0.8093,-0.19069999999999998,80.93
2019-05-19,0.8003,-0.1997,80.03
2019-05-20,0.815,-0.18500000000000005,81.5
2019-05-21,0.8083,-0.19169999999999998,80.83
2019-05-22,0.7961,-0.20389999999999997,79.61
2019-05-23,0.7926,-0.20740000000000003,79.25999999999999
2019-05-26,0.8085,-0.1915,80.85
2019-05-27,0.8091,-0.19089999999999996,80.91000000000001
2019-05-28,0.8105,-0.1895,81.05
2019-05-29,0.8072,-0.19279999999999997,80.72
2019-05-30,0.8029,-0.19710000000000005,80.28999999999999
2019-06-02,0.7964,-0.2036,79.64
2019-06-03,0.7884,-0.2116,78.84
2019-06-04,0.7868,-0.21319999999999995,78.68
2019-06-05,0.7777,-0.22230000000000005,77.77
2019-06-09,0.7857,-0.21430000000000005,78.57
2019-06-10,0.8058,-0.19420000000000004,80.58
2019-06-11,0.8,-0.19999999999999996,80.0
2019-06-12,0.8016,-0.19840000000000002,80.16
2019-06-13,0.7873,-0.2127,78.73
2019-06-16,0.7906,-0.20940000000000003,79.06
2019-06-17,0.7913,-0.2087,79.13
2019-06-18,0.8021,-0.19789999999999996,80.21000000000001
2019-06-19,0.8128,-0.18720000000000003,81.28
2019-06-20,0.8181,-0.18189999999999995,81.81
2019-06-23,0.8206,-0.1794,82.06
2019-06-24,0.8125,-0.1875,81.25
2019-06-25,0.8158,-0.18420000000000003,81.58
2019-06-26,0.823,-0.17700000000000005,82.3
2019-06-27,0.8178,-0.18220000000000003,81.78
2019-06-29,0.8178,-0.18220000000000003,81.78
2019-06-30,0.8424,-0.15759999999999996,84.24000000000001
2019-07-01,0.8472,-0.15280000000000005,84.72
2019-07-02,0.8387,-0.1613,83.87
2019-07-03,0.8375,-0.16249999999999998,83.75
2019-07-04,0.8377,-0.1623,83.77
2019-07-07,0.8154,-0.1846,81.54
2019-07-08,0.8201,-0.17989999999999995,82.01
2019-07-09,0.8137,-0.18630000000000002,81.37
2019-07-10,0.8206,-0.1794,82.06
2019-07-11,0.8305,-0.16949999999999998,83.05
2019-07-14,0.8322,-0.16779999999999995,83.22
2019-07-15,0.834,-0.16600000000000004,83.39999999999999
2019-07-16,0.8387,-0.1613,83.87
2019-07-17,0.8271,-0.17290000000000005,82.71
2019-07-18,0.8301,-0.16990000000000005,83.00999999999999
2019-07-21,0.8123,-0.18769999999999998,81.23
2019-07-22,0.8238,-0.17620000000000002,82.38
2019-07-23,0.8309,-0.16910000000000003,83.09
2019-07-24,0.827,-0.17300000000000004,82.69999999999999
2019-07-25,0.8304,-0.16959999999999997,83.04
2019-07-28,0.832,-0.16800000000000004,83.2
2019-07-29,0.8374,-0.16259999999999997,83.74000000000001
2019-07-30,0.834,-0.16600000000000004,83.39999999999999
2019-07-31,0.836,-0.16400000000000003,83.6
2019-08-01,0.8224,-0.17759999999999998,82.24000000000001
2019-08-04,0.8102,-0.18979999999999997,81.02000000000001
2019-08-05,0.7938,-0.20620000000000005,79.38
2019-08-06,0.7933,-0.2067,79.33
2019-08-07,0.8019,-0.19810000000000005,80.19
2019-08-08,0.7907,-0.20930000000000004,79.07
2019-08-11,0.7998,-0.20020000000000004,79.97999999999999
2019-08-12,0.7948,-0.20520000000000005,79.47999999999999
2019-08-13,0.8016,-0.19840000000000002,80.16
2019-08-14,0.8015,-0.1985,80.15
2019-08-15,0.8012,-0.19879999999999998,80.12
2019-08-18,0.8219,-0.17810000000000004,82.19
2019-08-19,0.8239,-0.17610000000000003,82.39
2019-08-20,0.8272,-0.17279999999999995,82.72
2019-08-21,0.8234,-0.17659999999999998,82.34
2019-08-22,0.8204,-0.17959999999999998,82.04
2019-08-25,0.8136,-0.1864,81.36
2019-08-26,0.8222,-0.17779999999999996,82.22
2019-08-27,0.8182,-0.18179999999999996,81.82000000000001
2019-08-28,0.8233,-0.17669999999999997,82.33
2019-08-29,0.8187,-0.18130000000000002,81.87
2019-09-01,0.8335,-0.16649999999999998,83.35000000000001
2019-09-02,0.8377,-0.1623,83.77
2019-09-03,0.8445,-0.15549999999999997,84.45
2019-09-04,0.8564,-0.14359999999999995,85.64
2019-09-05,0.8578,-0.1422,85.78
2019-09-08,0.8705,-0.12949999999999995,87.05000000000001
2019-09-09,0.8745,-0.12549999999999994,87.45
2019-09-10,0.8745,-0.12549999999999994,87.45
2019-09-11,0.877,-0.123,87.7
2019-09-15,0.875,-0.125,87.5
2019-09-16,0.8603,-0.13970000000000005,86.03
2019-09-17,0.8585,-0.14149999999999996,85.85000000000001
2019-09-18,0.8699,-0.1301,86.99
2019-09-19,0.8679,-0.1321,86.79
2019-09-22,0.8596,-0.14039999999999997,85.96000000000001
2019-09-23,0.8597,-0.14029999999999998,85.97
2019-09-24,0.8557,-0.14429999999999998,85.57000000000001
2019-09-25,0.8465,-0.15349999999999997,84.65
2019-09-26,0.8516,-0.14839999999999998,85.16
2019-09-29,0.8434,-0.15659999999999996,84.34
2019-10-07,0.8428,-0.1572,84.28
2019-10-08,0.8526,-0.14739999999999998,85.26
2019-10-09,0.8589,-0.1411,85.89
2019-10-10,0.859,-0.14100000000000001,85.9
2019-10-13,0.8738,-0.12619999999999998,87.38
2019-10-14,0.8599,-0.1401,85.99
2019-10-15,0.8581,-0.14190000000000003,85.81
2019-10-16,0.8586,-0.14139999999999997,85.86
2019-10-17,0.8467,-0.1533,84.67
2019-10-20,0.8404,-0.15959999999999996,84.04
2019-10-21,0.8488,-0.1512,84.88
2019-10-22,0.844,-0.15600000000000003,84.39999999999999
2019-10-23,0.834,-0.16600000000000004,83.39999999999999
2019-10-24,0.8358,-0.1642,83.58
2019-10-27,0.8468,-0.1532,84.68
2019-10-28,0.8385,-0.16149999999999998,83.85000000000001
2019-10-29,0.8369,-0.16310000000000002,83.69
2019-10-30,0.8329,-0.16710000000000003,83.28999999999999
2019-10-31,0.8382,-0.16180000000000005,83.82
2019-11-03,0.841,-0.15900000000000003,84.1
2019-11-04,0.8466,-0.15339999999999998,84.66
2019-11-05,0.8444,-0.15559999999999996,84.44
2019-11-06,0.8484,-0.15159999999999996,84.84
2019-11-07,0.8445,-0.15549999999999997,84.45
2019-11-10,0.8286,-0.1714,82.86
2019-11-11,0.8326,-0.1674,83.26
2019-11-12,0.8298,-0.17020000000000002,82.98
2019-11-13,0.832,-0.16800000000000004,83.2
2019-11-14,0.8241,-0.17589999999999995,82.41000000000001
2019-11-17,0.8329,-0.16710000000000003,83.28999999999999
2019-11-18,0.8434,-0.15659999999999996,84.34
2019-11-19,0.8426,-0.15739999999999998,84.26
2019-11-20,0.8444,-0.15559999999999996,84.44
2019-11-21,0.8428,-0.1572,84.28
2019-11-24,0.8517,-0.1483,85.17
2019-11-25,0.8504,-0.14959999999999996,85.04
2019-11-26,0.8553,-0.14470000000000005,85.53
2019-11-27,0.8501,-0.14990000000000003,85.00999999999999
2019-11-28,0.8493,-0.15069999999999995,84.93
2019-12-01,0.8506,-0.14939999999999998,85.06
2019-12-02,0.8566,-0.14339999999999997,85.66
2019-12-03,0.8543,-0.14570000000000005,85.42999999999999
2019-12-04,0.8592,-0.14080000000000004,85.92
2019-12-05,0.8636,-0.13639999999999997,86.36
2019-12-08,0.8667,-0.13329999999999997,86.67
2019-12-09,0.8749,-0.1251,87.49
2019-12-10,0.8701,-0.12990000000000002,87.01
2019-12-11,0.8752,-0.12480000000000002,87.52
2019-12-12,0.8937,-0.10629999999999995,89.37
2019-12-15,0.9046,-0.09540000000000004,90.46
2019-12-16,0.9077,-0.09230000000000005,90.77
2019-12-17,0.9068,-0.09319999999999995,90.68
2019-12-18,0.9103,-0.0897,91.03
2019-12-19,0.91,-0.08999999999999997,91.0
2019-12-22,0.9083,-0.0917,90.83
2019-12-23,0.9241,-0.07589999999999997,92.41
2019-12-24,0.9271,-0.07289999999999996,92.71000000000001
2019-12-25,0.9367,-0.06330000000000002,93.67
2019-12-26,0.9383,-0.06169999999999998,93.83
2019-12-29,0.9596,-0.04039999999999999,95.96000000000001
2019-12-30,0.963,-0.03700000000000003,96.3
2020-01-01,0.9766,-0.023399999999999976,97.66
2020-01-02,0.9832,-0.016800000000000037,98.32
2020-01-05,0.9797,-0.020299999999999985,97.97
2020-01-06,0.9825,-0.01749999999999996,98.25
2020-01-07,0.9713,-0.028699999999999948,97.13000000000001
2020-01-08,0.9843,-0.015700000000000047,98.42999999999999
2020-01-09,0.9812,-0.01880000000000004,98.11999999999999
2020-01-12,1.0004,0.00039999999999995595,100.03999999999999
2020-01-13,1.0059,0.005900000000000016,100.59
2020-01-14,1.0075,0.007500000000000062,100.75
2020-01-15,1.0142,0.01419999999999999,101.42
2020-01-16,1.0223,0.022299999999999986,102.23
2020-01-19,1.0272,0.02719999999999989,102.71999999999998
2020-01-20,1.0169,0.016899999999999915,101.69
2020-01-21,1.0308,0.03079999999999994,103.08
2020-01-22,0.9865,-0.013499999999999956,98.65
2020-02-02,0.9095,-0.09050000000000002,90.95
2020-02-03,0.9374,-0.06259999999999999,93.74
2020-02-04,0.9505,-0.04949999999999999,95.05
2020-02-05,0.9746,-0.025399999999999978,97.46000000000001
2020-02-06,0.9889,-0.011099999999999999,98.89
2020-02-09,1.0134,0.013400000000000079,101.34
2020-02-10,1.0081,0.008099999999999996,100.81
2020-02-11,1.0282,0.028200000000000003,102.82
2020-02-12,1.0267,0.026699999999999946,102.66999999999999
2020-02-13,1.0425,0.04249999999999998,104.25
2020-02-16,1.0798,0.0798000000000001,107.98
2020-02-17,1.0852,0.08519999999999994,108.52
2020-02-18,1.078,0.07800000000000007,107.80000000000001
2020-02-19,1.0993,0.09929999999999994,109.92999999999999
2020-02-20,1.1091,0.10909999999999997,110.91
2020-02-23,1.1181,0.1181000000000001,111.81
2020-02-24,1.1039,0.1039000000000001,110.39000000000001
2020-02-25,1.0853,0.08529999999999993,108.52999999999999
2020-02-26,1.093,0.09299999999999997,109.3
2020-02-27,1.0529,0.05289999999999995,105.28999999999999
2020-03-01,1.0989,0.09889999999999999,109.89
2020-03-02,1.1122,0.11220000000000008,111.22000000000001
2020-03-03,1.1162,0.11620000000000008,111.62
2020-03-04,1.1255,0.12549999999999994,112.55
2020-03-05,1.1326,0.13260000000000005,113.26
2020-03-08,1.0904,0.09040000000000004,109.04
2020-03-09,1.1002,0.10020000000000007,110.02000000000001
2020-03-10,1.0862,0.08620000000000005,108.62
2020-03-11,1.0583,0.05830000000000002,105.83
2020-03-12,1.0449,0.04489999999999994,104.49
2020-03-15,1.0067,0.006699999999999928,100.66999999999999
2020-03-16,1.0069,0.006899999999999906,100.69
2020-03-17,1.0019,0.0019000000000000128,100.19
2020-03-18,1.0039,0.0039000000000000146,100.39
2020-03-19,1.0195,0.019500000000000073,101.95
2020-03-22,0.9907,-0.009299999999999975,99.07000000000001
2020-03-23,1.0084,0.008399999999999963,100.84
2020-03-24,1.0276,0.02760000000000007,102.76
2020-03-25,1.0297,0.02970000000000006,102.97
2020-03-26,1.0304,0.030399999999999983,103.03999999999999
2020-03-29,1.0216,0.021600000000000064,102.16000000000001
2020-03-30,1.0348,0.03479999999999994,103.47999999999999
2020-03-31,1.0289,0.028899999999999926,102.88999999999999
2020-04-01,1.0457,0.045700000000000074,104.57000000000001
2020-04-02,1.042,0.04200000000000004,104.2
2020-04-06,1.0715,0.0714999999999999,107.14999999999999
2020-04-07,1.0715,0.0714999999999999,107.14999999999999
2020-04-08,1.0741,0.07410000000000005,107.41000000000001
2020-04-09,1.0552,0.055199999999999916,105.52
2020-04-12,1.0667,0.06669999999999998,106.67
2020-04-13,1.0783,0.07830000000000004,107.83
2020-04-14,1.0749,0.07489999999999997,107.49
2020-04-15,1.0727,0.07269999999999999,107.27
2020-04-16,1.0762,0.07620000000000005,107.62
2020-04-19,1.0944,0.09440000000000004,109.44
2020-04-20,1.0953,0.09529999999999994,109.53
2020-04-21,1.1088,0.10880000000000001,110.88
2020-04-22,1.1104,0.11040000000000005,111.04
2020-04-23,1.0956,0.09559999999999991,109.55999999999999
2020-04-26,1.0991,0.09909999999999997,109.91
2020-04-27,1.0875,0.08749999999999991,108.74999999999999
2020-04-28,1.0926,0.09260000000000002,109.26
2020-04-29,1.0996,0.09959999999999991,109.96
2020-05-05,1.1148,0.11480000000000001,111.48
2020-05-06,1.1187,0.11870000000000003,111.87
2020-05-07,1.1307,0.13070000000000004,113.07000000000001
2020-05-10,1.1257,0.12569999999999992,112.57
2020-05-11,1.1278,0.1277999999999999,112.77999999999999
2020-05-12,1.1367,0.13670000000000004,113.67
2020-05-13,1.1249,0.12490000000000001,112.49
2020-05-14,1.1259,0.1258999999999999,112.58999999999999
2020-05-17,1.1349,0.13490000000000002,113.49000000000001
2020-05-18,1.1486,0.14860000000000007,114.86000000000001
2020-05-19,1.1379,0.1378999999999999,113.78999999999999
2020-05-20,1.1301,0.1301000000000001,113.01
2020-05-21,1.1146,0.11460000000000004,111.46000000000001
2020-05-24,1.1169,0.1169,111.69
2020-05-25,1.1389,0.13890000000000002,113.89
2020-05-26,1.1405,0.14050000000000007,114.05000000000001
2020-05-27,1.1498,0.14979999999999993,114.97999999999999
2020-05-28,1.1611,0.16110000000000002,116.11
2020-05-31,1.1861,0.18609999999999993,118.61
2020-06-01,1.1938,0.19379999999999997,119.38
2020-06-02,1.2058,0.20579999999999998,120.58
2020-06-03,1.2094,0.20940000000000003,120.94
2020-06-04,1.2,0.19999999999999996,120.0
2020-06-07,1.2059,0.20589999999999997,120.59
2020-06-08,1.2134,0.21340000000000003,121.34
2020-06-09,1.2189,0.2189000000000001,121.89000000000001
2020-06-10,1.2114,0.21140000000000003,121.14
2020-06-11,1.2181,0.21809999999999996,121.81
2020-06-14,1.202,0.20199999999999996,120.19999999999999
2020-06-15,1.2295,0.22950000000000004,122.95
2020-06-16,1.2288,0.2287999999999999,122.88
2020-06-17,1.2274,0.22740000000000005,122.74000000000001
2020-06-18,1.2311,0.23110000000000008,123.11000000000001
2020-06-21,1.231,0.2310000000000001,123.10000000000001
2020-06-22,1.2335,0.23350000000000004,123.35000000000001
2020-06-23,1.2435,0.24350000000000005,124.35000000000001
2020-06-28,1.2382,0.23819999999999997,123.82
2020-06-29,1.2567,0.25669999999999993,125.66999999999999
2020-06-30,1.2593,0.2593000000000001,125.93
2020-07-01,1.2753,0.2753000000000001,127.53000000000002
2020-07-02,1.2814,0.2814000000000001,128.14000000000001
2020-07-05,1.3333,0.33329999999999993,133.32999999999998
2020-07-06,1.3582,0.3582000000000001,135.82
2020-07-07,1.3873,0.3873,138.73
2020-07-08,1.4137,0.41369999999999996,141.37
2020-07-09,1.4142,0.4141999999999999,141.42
2020-07-12,1.4626,0.4625999999999999,146.26
2020-07-13,1.4557,0.4557,145.57
2020-07-14,1.464,0.46399999999999997,146.4
2020-07-15,1.403,0.403,140.3
2020-07-16,1.4395,0.4395,143.95
2020-07-19,1.5125,0.5125,151.25
2020-07-20,1.5219,0.5219,152.19
2020-07-21,1.5371,0.5370999999999999,153.70999999999998
2020-07-22,1.5372,0.5371999999999999,153.72
2020-07-23,1.4882,0.48819999999999997,148.82
2020-07-26,1.4934,0.49340000000000006,149.34
2020-07-27,1.511,0.5109999999999999,151.1
2020-07-28,1.5507,0.5507,155.07
2020-07-29,1.5607,0.5607,156.07
2020-07-30,1.5663,0.5663,156.63
2020-08-02,1.5933,0.5932999999999999,159.32999999999998
2020-08-03,1.5981,0.5981000000000001,159.81
2020-08-04,1.6183,0.6183000000000001,161.83
2020-08-05,1.6086,0.6086,160.86
2020-08-06,1.6017,0.6016999999999999,160.17
2020-08-09,1.6157,0.6156999999999999,161.57
2020-08-10,1.5856,0.5855999999999999,158.56
2020-08-11,1.5664,0.5664,156.64000000000001
2020-08-12,1.5812,0.5811999999999999,158.12
2020-08-13,1.5865,0.5865,158.65
2020-08-16,1.6291,0.6291,162.91
2020-08-17,1.6539,0.6538999999999999,165.39
2020-08-18,1.6377,0.6376999999999999,163.76999999999998
2020-08-19,1.6251,0.6251,162.51
2020-08-20,1.6322,0.6322000000000001,163.22
2020-08-23,1.6472,0.6472,164.72
2020-08-24,1.6421,0.6420999999999999,164.20999999999998
2020-08-25,1.6012,0.6012,160.12
2020-08-26,1.6069,0.6069,160.69
2020-08-27,1.6325,0.6325000000000001,163.25
2020-08-30,1.6354,0.6354,163.54
2020-08-31,1.6512,0.6512,165.12
2020-09-01,1.6474,0.6474,164.74
2020-09-02,1.6354,0.6354,163.54
2020-09-03,1.6257,0.6256999999999999,162.57
2020-09-06,1.5848,0.5848,158.48
2020-09-07,1.5754,0.5753999999999999,157.54
2020-09-08,1.5214,0.5214000000000001,152.14000000000001
2020-09-09,1.513,0.5129999999999999,151.29999999999998
2020-09-10,1.5345,0.5345,153.45
2020-09-13,1.5553,0.5552999999999999,155.53
2020-09-14,1.5714,0.5713999999999999,157.14
2020-09-15,1.5639,0.5639000000000001,156.39000000000001
2020-09-16,1.5789,0.5789,157.89
2020-09-17,1.6049,0.6049,160.49
2020-09-20,1.6061,0.6061000000000001,160.61
2020-09-21,1.5799,0.5799000000000001,157.99
2020-09-22,1.5886,0.5886,158.86
2020-09-23,1.5574,0.5573999999999999,155.73999999999998
2020-09-24,1.5445,0.5445,154.45
2020-09-27,1.5295,0.5295000000000001,152.95000000000002
2020-09-28,1.5424,0.5424,154.24
2020-09-29,1.5263,0.5263,152.63
2020-10-08,1.5706,0.5706,157.06
2020-10-11,1.5976,0.5975999999999999,159.76
2020-10-12,1.615,0.615,161.5
2020-10-13,1.6214,0.6214,162.14
2020-10-14,1.6137,0.6136999999999999,161.37
2020-10-15,1.5916,0.5915999999999999,159.16
2020-10-18,1.5783,0.5783,157.83
2020-10-19,1.5964,0.5964,159.64000000000001
2020-10-20,1.5755,0.5754999999999999,157.54999999999998
2020-10-21,1.5565,0.5565,155.65
2020-10-22,1.54,0.54,154.0
2020-10-25,1.5421,0.5421,154.21
2020-10-26,1.5456,0.5456000000000001,154.56
2020-10-27,1.5697,0.5697000000000001,156.97
2020-10-28,1.5546,0.5546,155.46
2020-10-29,1.5255,0.5255000000000001,152.55
2020-11-01,1.5301,0.5301,153.01
2020-11-02,1.5525,0.5525,155.25
2020-11-03,1.5679,0.5679000000000001,156.79000000000002
2020-11-04,1.5925,0.5925,159.25
2020-11-05,1.5961,0.5961000000000001,159.61
2020-11-08,1.6274,0.6274,162.74
2020-11-09,1.6642,0.6641999999999999,166.42
2020-11-10,1.6744,0.6744000000000001,167.44
2020-11-11,1.696,0.696,169.6
2020-11-12,1.6887,0.6887000000000001,168.87
2020-11-15,1.74,0.74,174.0
2020-11-16,1.7388,0.7387999999999999,173.88
2020-11-17,1.7455,0.7455,174.55
2020-11-18,1.7347,0.7346999999999999,173.47
2020-11-19,1.7452,0.7452000000000001,174.52
2020-11-22,1.7773,0.7773000000000001,177.73000000000002
2020-11-23,1.7795,0.7795000000000001,177.95000000000002
2020-11-24,1.7563,0.7563,175.63
2020-11-25,1.7351,0.7351000000000001,173.51000000000002
2020-11-26,1.7314,0.7314,173.14000000000001
2020-11-29,1.7203,0.7202999999999999,172.03
2020-11-30,1.7387,0.7386999999999999,173.87
2020-12-01,1.7499,0.7499,174.99
2020-12-02,1.7411,0.7411000000000001,174.11
2020-12-03,1.7509,0.7508999999999999,175.09
2020-12-06,1.74,0.74,174.0
2020-12-07,1.7344,0.7343999999999999,173.44
2020-12-08,1.7059,0.7059,170.59
2020-12-09,1.7078,0.7078,170.78
2020-12-10,1.691,0.6910000000000001,169.1
2020-12-13,1.6979,0.6979,169.79
2020-12-14,1.6932,0.6932,169.32
2020-12-15,1.702,0.702,170.2
2020-12-16,1.7327,0.7326999999999999,173.26999999999998
2020-12-17,1.7225,0.7224999999999999,172.25
2020-12-20,1.7442,0.7442,174.42
2020-12-21,1.6957,0.6957,169.57
2020-12-22,1.712,0.712,171.2
2020-12-23,1.7175,0.7175,171.75
2020-12-24,1.7437,0.7437,174.37
2020-12-27,1.7358,0.7358,173.58
2020-12-28,1.716,0.716,171.6
2020-12-29,1.7312,0.7312000000000001,173.12
2020-12-30,1.7559,0.7559,175.59
2021-01-03,1.7817,0.7817000000000001,178.17000000000002
2021-01-04,1.8202,0.8202,182.02
2021-01-05,1.8582,0.8582000000000001,185.82
2021-01-06,1.8868,0.8868,188.68
2021-01-07,1.8834,0.8834,188.34
2021-01-10,1.8907,0.8907,189.07
2021-01-11,1.939,0.9390000000000001,193.9
2021-01-12,1.936,0.9359999999999999,193.6
2021-01-13,1.9125,0.9125000000000001,191.25
2021-01-14,1.914,0.9139999999999999,191.4
2021-01-17,1.9833,0.9833000000000001,198.33
2021-01-18,1.9834,0.9834,198.34
2021-01-19,2.0091,1.0091,200.91000000000003
2021-01-20,2.0386,1.0386000000000002,203.86
2021-01-21,2.0326,1.0326,203.26
2021-01-24,2.0579,1.0579,205.79000000000002
2021-01-25,2.0301,1.0301,203.01
2021-01-26,2.0472,1.0472000000000001,204.72000000000003
2021-01-27,1.9797,0.9797,197.97
2021-01-28,1.9867,0.9866999999999999,198.67
2021-01-31,2.0733,1.0733000000000001,207.33
2021-02-01,2.1297,1.1297000000000001,212.97000000000003
2021-02-02,2.1367,1.1366999999999998,213.67
2021-02-03,2.1593,1.1593,215.93
2021-02-04,2.0784,1.0783999999999998,207.83999999999997
2021-02-07,2.1435,1.1435,214.35
2021-02-08,2.2139,1.2139000000000002,221.39000000000001
2021-02-09,2.2676,1.2675999999999998,226.76
2021-02-17,2.3228,1.3228,232.28
2021-02-18,2.3077,1.3077,230.77
2021-02-21,2.332,1.3319999999999999,233.2
2021-02-22,2.2916,1.2915999999999999,229.16
2021-02-23,2.203,1.2029999999999998,220.29999999999998
2021-02-24,2.1911,1.1911,219.11
2021-02-25,2.1336,1.1336,213.35999999999999
2021-02-28,2.1955,1.1955,219.55
2021-03-01,2.1573,1.1573000000000002,215.73000000000002
2021-03-02,2.1729,1.1728999999999998,217.29
2021-03-03,2.0932,1.0932,209.32
2021-03-04,2.0843,1.0842999999999998,208.42999999999998
2021-03-07,2.0543,1.0543,205.43
2021-03-08,1.9784,0.9783999999999999,197.84
2021-03-09,1.9769,0.9769000000000001,197.69
2021-03-10,2.0279,1.0278999999999998,202.79
2021-03-11,2.0593,1.0593,205.92999999999998
2021-03-14,2.0285,1.0285000000000002,202.85000000000002
2021-03-15,2.0348,1.0348000000000002,203.48000000000002
2021-03-16,2.0459,1.0459,204.59
2021-03-17,2.1057,1.1057000000000001,210.57000000000002
2021-03-18,2.0273,1.0272999999999999,202.73
2021-03-21,2.0482,1.0482,204.82
2021-03-22,1.9864,0.9863999999999999,198.64
2021-03-23,1.9001,0.9000999999999999,190.01
2021-03-24,1.9243,0.9242999999999999,192.42999999999998
2021-03-25,1.9463,0.9462999999999999,194.63
2021-03-28,1.966,0.966,196.6
2021-03-29,1.9881,0.9881,198.81
2021-03-30,1.9757,0.9757,197.57
2021-03-31,1.997,0.9970000000000001,199.70000000000002
2021-04-01,1.9964,0.9964,199.64
2021-04-05,2.0037,1.0036999999999998,200.36999999999998
2021-04-06,2.011,1.0110000000000001,201.10000000000002
2021-04-07,2.0113,1.0112999999999999,201.13
2021-04-08,1.9819,0.9819,198.19
2021-04-11,1.9127,0.9127000000000001,191.27
2021-04-12,1.9158,0.9158,191.57999999999998
2021-04-13,1.9421,0.9420999999999999,194.20999999999998
2021-04-14,1.9464,0.9463999999999999,194.64
2021-04-15,1.9548,0.9548000000000001,195.48000000000002
2021-04-18,2.0036,1.0036,200.36
2021-04-19,2.0073,1.0072999999999999,200.73
2021-04-20,2.0026,1.0026000000000002,200.26000000000002
2021-04-21,2.0257,1.0257,202.57
2021-04-22,2.0326,1.0326,203.26
2021-04-25,2.0471,1.0471,204.70999999999998
2021-04-26,2.0412,1.0412,204.12
2021-04-27,2.0631,1.0631,206.31
2021-04-28,2.0604,1.0604,206.04
2021-04-29,2.0625,1.0625,206.25
2021-05-05,2.0812,1.0812,208.12
2021-05-06,2.09,1.0899999999999999,209.0
2021-05-09,2.1035,1.1035,210.35
2021-05-10,2.047,1.0470000000000002,204.70000000000002
2021-05-11,2.0649,1.0649000000000002,206.49
2021-05-12,2.0185,1.0185,201.85
2021-05-13,2.0252,1.0252,202.51999999999998
2021-05-16,2.0485,1.0485000000000002,204.85000000000002
2021-05-17,2.0592,1.0592000000000001,205.92000000000002
2021-05-18,2.0299,1.0299,202.99
2021-05-19,1.999,0.9990000000000001,199.9
2021-05-20,1.9987,0.9986999999999999,199.87
2021-05-23,1.9969,0.9968999999999999,199.69
2021-05-24,2.0564,1.0564,205.64
2021-05-25,2.0585,1.0585,205.85
2021-05-26,2.0764,1.0764,207.64000000000001
2021-05-27,2.0631,1.0631,206.31
2021-05-30,2.0569,1.0569000000000002,205.69000000000003
2021-05-31,2.1129,1.1128999999999998,211.28999999999996
2021-06-01,2.1215,1.1215000000000002,212.15
2021-06-02,2.1128,1.1128,211.28
2021-06-03,2.0999,1.0998999999999999,209.98999999999998
2021-06-06,2.1351,1.1351,213.51
2021-06-07,2.1117,1.1117,211.17
2021-06-08,2.1492,1.1492,214.92
2021-06-09,2.171,1.1709999999999998,217.1
2021-06-10,2.1705,1.1705,217.05
2021-06-14,2.1408,1.1408,214.08
2021-06-15,2.0756,1.0756000000000001,207.56
2021-06-16,2.0873,1.0873,208.73
2021-06-17,2.0782,1.0781999999999998,207.82
2021-06-20,2.0689,1.0689000000000002,206.89000000000001
2021-06-21,2.1039,1.1038999999999999,210.39
2021-06-22,2.1127,1.1126999999999998,211.26999999999998
2021-06-23,2.111,1.1110000000000002,211.10000000000002
2021-06-24,2.167,1.1669999999999998,216.7
2021-06-27,2.1665,1.1665,216.65
2021-06-28,2.1561,1.1561,215.60999999999999
2021-06-29,2.1555,1.1555,215.55
2021-06-30,2.0994,1.0994000000000002,209.94000000000003
2021-07-01,2.089,1.089,208.9
2021-07-04,2.094,1.0939999999999999,209.39999999999998
2021-07-05,2.121,1.121,212.1
2021-07-06,2.1362,1.1362,213.62
2021-07-07,2.1115,1.1115,211.15
2021-07-08,2.1749,1.1749,217.49
2021-07-11,2.2455,1.2454999999999998,224.54999999999998
2021-07-12,2.2656,1.2656,226.56
2021-07-13,2.2695,1.2694999999999999,226.95
2021-07-14,2.2832,1.2832,228.32
2021-07-15,2.3082,1.3081999999999998,230.82
2021-07-18,2.2882,1.2881999999999998,228.82
2021-07-19,2.2608,1.2608000000000001,226.08
2021-07-20,2.2919,1.2919,229.19
2021-07-21,2.3293,1.3293,232.93
2021-07-22,2.3166,1.3166000000000002,231.66000000000003
2021-07-25,2.2929,1.2929,229.29
2021-07-26,2.2268,1.2268,222.67999999999998
2021-07-27,2.188,1.1880000000000002,218.8
2021-07-28,2.2383,1.2383000000000002,223.83
2021-07-29,2.2384,1.2384,223.84
2021-08-01,2.2905,1.2905000000000002,229.05
2021-08-02,2.2634,1.2633999999999999,226.33999999999997
2021-08-03,2.306,1.306,230.6
2021-08-04,2.2747,1.2747000000000002,227.47000000000003
2021-08-05,2.2984,1.2984,229.84
2021-08-08,2.3336,1.3336000000000001,233.36
2021-08-09,2.3358,1.3357999999999999,233.57999999999998
2021-08-10,2.3833,1.3833000000000002,238.33
2021-08-11,2.4282,1.4282,242.82
2021-08-12,2.4378,1.4378000000000002,243.78000000000003
2021-08-15,2.4195,1.4195000000000002,241.95000000000002
2021-08-16,2.3661,1.3660999999999999,236.60999999999999
2021-08-17,2.3736,1.3736000000000002,237.36
2021-08-18,2.3297,1.3296999999999999,232.97
2021-08-19,2.3008,1.3008000000000002,230.08
2021-08-22,2.3349,1.3349000000000002,233.49
2021-08-23,2.3605,1.3605,236.05
2021-08-24,2.3762,1.3761999999999999,237.61999999999998
2021-08-25,2.3776,1.3776000000000002,237.76000000000002
2021-08-26,2.4117,1.4117000000000002,241.17000000000002
2021-08-29,2.4551,1.4550999999999998,245.51
2021-08-30,2.4723,1.4723000000000002,247.23000000000002
2021-08-31,2.4253,1.4253,242.53
2021-09-01,2.4975,1.4975,249.75
2021-09-02,2.4709,1.4708999999999999,247.08999999999997
2021-09-05,2.4982,1.4982000000000002,249.82000000000002
2021-09-06,2.5641,1.5640999999999998,256.40999999999997
2021-09-07,2.5969,1.5969000000000002,259.69
2021-09-08,2.6896,1.6896,268.96
2021-09-09,2.6474,1.6474000000000002,264.74
2021-09-12,2.7402,1.7402000000000002,274.02000000000004
2021-09-13,2.6727,1.6726999999999999,267.27
2021-09-14,2.6673,1.6673,266.73
2021-09-15,2.6788,1.6787999999999998,267.88
2021-09-16,2.5941,1.5941,259.41
2021-09-21,2.6092,1.6092,260.92
2021-09-22,2.5674,1.5674000000000001,256.74
2021-09-23,2.4762,1.4762,247.62
2021-09-26,2.3909,1.3908999999999998,239.08999999999997
2021-09-27,2.4318,1.4318,243.18
2021-09-28,2.2817,1.2816999999999998,228.17
2021-09-29,2.3182,1.3182,231.82
2021-10-07,2.3107,1.3107000000000002,231.07000000000002
2021-10-10,2.3387,1.3386999999999998,233.86999999999998
2021-10-11,2.2751,1.2751000000000001,227.51000000000002
2021-10-12,2.229,1.229,222.9
2021-10-13,2.2436,1.2435999999999998,224.35999999999999
2021-10-14,2.2736,1.2736,227.36
2021-10-17,2.3404,1.3403999999999998,234.04
2021-10-18,2.3532,1.3532000000000002,235.32000000000002
2021-10-19,2.3084,1.3083999999999998,230.83999999999997
2021-10-20,2.3462,1.3462,234.62
2021-10-21,2.2823,1.2823000000000002,228.23000000000002
2021-10-24,2.321,1.3210000000000002,232.10000000000002
2021-10-25,2.3289,1.3289,232.89
2021-10-26,2.2881,1.2881,228.81
2021-10-27,2.1968,1.1968,219.68
2021-10-28,2.2128,1.2128,221.28
2021-10-31,2.2431,1.2431,224.31
2021-11-01,2.2066,1.2066,220.66
2021-11-02,2.2345,1.2345000000000002,223.45000000000002
2021-11-03,2.2197,1.2197,221.97
2021-11-04,2.1743,1.1743000000000001,217.43
2021-11-07,2.2079,1.2079,220.79
2021-11-08,2.2322,1.2322000000000002,223.22000000000003
2021-11-09,2.2178,1.2178,221.78
2021-11-10,2.2578,1.2578,225.78
2021-11-11,2.2856,1.2856,228.56
2021-11-14,2.2707,1.2707000000000002,227.07000000000002
2021-11-15,2.263,1.263,226.29999999999998
2021-11-16,2.3036,1.3035999999999999,230.35999999999999
2021-11-17,2.3136,1.3136,231.36
2021-11-18,2.3483,1.3483,234.83
2021-11-21,2.3856,1.3856000000000002,238.56
2021-11-22,2.3731,1.3731,237.31
2021-11-23,2.3992,1.3992,239.92
2021-11-24,2.4027,1.4026999999999998,240.26999999999998
2021-11-25,2.4218,1.4218000000000002,242.18
2021-11-28,2.4145,1.4144999999999999,241.45
2021-11-29,2.4606,1.4606,246.06
2021-11-30,2.4794,1.4794,247.94
2021-12-01,2.4822,1.4822000000000002,248.22000000000003
2021-12-02,2.4738,1.4738000000000002,247.38000000000002
2021-12-05,2.4268,1.4268,242.68
2021-12-06,2.3901,1.3901,239.01
2021-12-07,2.4109,1.4108999999999998,241.08999999999997
2021-12-08,2.3913,1.3913000000000002,239.13000000000002
2021-12-09,2.4076,1.4076,240.76
2021-12-12,2.4482,1.4482,244.82
2021-12-13,2.4148,1.4148,241.48000000000002
2021-12-14,2.3991,1.3990999999999998,239.90999999999997
2021-12-15,2.4349,1.4348999999999998,243.48999999999998
2021-12-16,2.4063,1.4062999999999999,240.63
2021-12-19,2.3966,1.3965999999999998,239.66
2021-12-20,2.4149,1.4148999999999998,241.48999999999998
2021-12-21,2.4513,1.4512999999999998,245.13
2021-12-22,2.4852,1.4851999999999999,248.51999999999998
2021-12-23,2.4386,1.4386,243.86
2021-12-26,2.4406,1.4405999999999999,244.06
2021-12-27,2.4599,1.4599000000000002,245.99
2021-12-28,2.4649,1.4649,246.49
2021-12-29,2.4745,1.4745,247.45
2021-12-30,2.4735,1.4735,247.35
2022-01-03,2.4711,1.4710999999999999,247.10999999999999
2022-01-04,2.4355,1.4355000000000002,243.55
2022-01-05,2.4778,1.4777999999999998,247.77999999999997
2022-01-06,2.457,1.4569999999999999,245.7
2022-01-09,2.463,1.463,246.3
2022-01-10,2.4366,1.4365999999999999,243.66
2022-01-11,2.4889,1.4889000000000001,248.89000000000001
2022-01-12,2.4627,1.4627,246.26999999999998
2022-01-13,2.4666,1.4666000000000001,246.66000000000003
2022-01-16,2.495,1.495,249.5
2022-01-17,2.5218,1.5217999999999998,252.17999999999998
2022-01-18,2.487,1.487,248.70000000000002
2022-01-19,2.463,1.463,246.3
2022-01-20,2.4299,1.4299,242.99
2022-01-23,2.4555,1.4554999999999998,245.54999999999998
2022-01-24,2.3702,1.3702,237.02
2022-01-25,2.3987,1.3986999999999998,239.86999999999998
2022-01-26,2.3616,1.3616000000000001,236.16000000000003
2022-01-27,2.3371,1.3371,233.71
2022-02-06,2.3894,1.3894000000000002,238.94000000000003
2022-02-07,2.4235,1.4235000000000002,242.35000000000002
2022-02-08,2.4423,1.4423,244.23
2022-02-09,2.4514,1.4514,245.14000000000001
2022-02-10,2.4315,1.4315000000000002,243.15000000000003
2022-02-13,2.4077,1.4077000000000002,240.77
2022-02-14,2.4074,1.4074,240.74
2022-02-15,2.4122,1.4122,241.22
2022-02-16,2.4351,1.4350999999999998,243.51
2022-02-17,2.4552,1.4552,245.52
2022-02-20,2.4606,1.4606,246.06
2022-02-21,2.4678,1.4678,246.78
2022-02-22,2.4798,1.4798,247.98
2022-02-23,2.4812,1.4811999999999999,248.11999999999998
2022-02-24,2.4638,1.4638,246.38
2022-02-27,2.501,1.501,250.1
2022-02-28,2.487,1.487,248.70000000000002
2022-03-01,2.5277,1.5276999999999998,252.76999999999998
2022-03-02,2.5083,1.5083000000000002,250.83
2022-03-03,2.4973,1.4973,249.73000000000002
2022-03-06,2.4579,1.4579,245.79
2022-03-07,2.3423,1.3422999999999998,234.23
2022-03-08,2.3311,1.3311000000000002,233.11
2022-03-09,2.3872,1.3872,238.72
2022-03-10,2.4007,1.4007,240.07
2022-03-13,2.2946,1.2946,229.46
2022-03-14,2.183,1.1829999999999998,218.29999999999998
2022-03-15,2.2336,1.2336,223.36
2022-03-16,2.2933,1.2933,229.32999999999998
2022-03-17,2.3261,1.3260999999999998,232.60999999999999
2022-03-20,2.3789,1.3788999999999998,237.89
2022-03-21,2.3925,1.3925,239.25
2022-03-22,2.4046,1.4045999999999998,240.45999999999998
2022-03-23,2.4163,1.4163000000000001,241.63000000000002
2022-03-24,2.3728,1.3727999999999998,237.27999999999997
2022-03-27,2.3942,1.3942,239.42000000000002
2022-03-28,2.3928,1.3927999999999998,239.27999999999997
2022-03-29,2.3996,1.3996,239.96
2022-03-30,2.3719,1.3719000000000001,237.19
2022-03-31,2.3674,1.3674,236.74
2022-04-05,2.3372,1.3372000000000002,233.72000000000003
2022-04-06,2.3118,1.3117999999999999,231.17999999999998
2022-04-07,2.3276,1.3276,232.76
2022-04-10,2.2577,1.2576999999999998,225.76999999999998
2022-04-11,2.2484,1.2484000000000002,224.84000000000003
2022-04-12,2.2502,1.2502,225.02
2022-04-13,2.2804,1.2804000000000002,228.04000000000002
2022-04-14,2.2714,1.2713999999999999,227.14
2022-04-17,2.3037,1.3037,230.37
2022-04-18,2.3131,1.3131,231.31
2022-04-19,2.2338,1.2338,223.38
2022-04-20,2.168,1.1680000000000001,216.8
2022-04-21,2.1324,1.1324,213.24
2022-04-24,1.9964,0.9964,199.64
2022-04-25,1.9279,0.9279,192.79
2022-04-26,2.0403,1.0402999999999998,204.02999999999997
2022-04-27,2.0768,1.0768,207.68
2022-04-28,2.1711,1.1711,217.11
2022-05-04,2.2046,1.2046000000000001,220.46
2022-05-05,2.1737,1.1737000000000002,217.37
2022-05-08,2.1653,1.1652999999999998,216.52999999999997
2022-05-09,2.1837,1.1837,218.37
2022-05-10,2.2491,1.2490999999999999,224.91
2022-05-11,2.2401,1.2401,224.01
2022-05-12,2.2798,1.2797999999999998,227.98
2022-05-15,2.2939,1.2938999999999998,229.39
2022-05-16,2.3142,1.3142,231.42000000000002
2022-05-17,2.3158,1.3157999999999999,231.57999999999998
2022-05-18,2.3225,1.3224999999999998,232.24999999999997
2022-05-19,2.3865,1.3864999999999998,238.64999999999998
2022-05-22,2.4195,1.4195000000000002,241.95000000000002
2022-05-23,2.3543,1.3542999999999998,235.42999999999998
2022-05-24,2.3879,1.3879000000000001,238.79000000000002
2022-05-25,2.4267,1.4266999999999999,242.67
2022-05-26,2.427,1.427,242.70000000000002
2022-05-29,2.4843,1.4843000000000002,248.43
2022-05-30,2.4909,1.4909,249.08999999999997
2022-05-31,2.5304,1.5304000000000002,253.04000000000002
2022-06-01,2.5388,1.5388000000000002,253.88000000000002
2022-06-05,2.6081,1.6080999999999999,260.81
2022-06-06,2.6079,1.6078999999999999,260.78999999999996
2022-06-07,2.6572,1.6572,265.72
2022-06-08,2.6359,1.6359,263.59
2022-06-09,2.7186,1.7186,271.86
2022-06-12,2.7323,1.7323,273.23
2022-06-13,2.7566,1.7566000000000002,275.66
2022-06-14,2.7007,1.7006999999999999,270.07
2022-06-15,2.6769,1.6768999999999998,267.69
2022-06-16,2.7068,1.7067999999999999,270.68
2022-06-19,2.6645,1.6644999999999999,266.45
2022-06-20,2.6266,1.6265999999999998,262.65999999999997
2022-06-21,2.6081,1.6080999999999999,260.81
2022-06-22,2.7115,1.7115,271.15
2022-06-23,2.7103,1.7103000000000002,271.03000000000003
2022-06-26,2.7755,1.7755,277.55
2022-06-27,2.7805,1.7805,278.05
2022-06-28,2.7075,1.7075,270.75
2022-06-29,2.7225,1.7225000000000001,272.25
2022-06-30,2.7307,1.7307000000000001,273.07
2022-07-03,2.7086,1.7086000000000001,270.86
2022-07-04,2.7817,1.7816999999999998,278.16999999999996
2022-07-05,2.7262,1.7262,272.62
2022-07-06,2.7942,1.7942,279.42
2022-07-07,2.7212,1.7212,272.12
2022-07-10,2.6856,1.6856,268.56
2022-07-11,2.7021,1.7021000000000002,270.21000000000004
2022-07-12,2.6977,1.6977000000000002,269.77000000000004
2022-07-13,2.7281,1.7281,272.81
2022-07-14,2.7688,1.7688000000000001,276.88
2022-07-17,2.8929,1.8929,289.29
2022-07-18,2.8787,1.8786999999999998,287.87
2022-07-19,2.8962,1.8961999999999999,289.62
2022-07-20,2.8737,1.8737,287.37
2022-07-21,2.8699,1.8699,286.99
2022-07-24,2.8346,1.8346,283.46
2022-07-25,2.8916,1.8916,289.15999999999997
2022-07-26,2.9399,1.9399000000000002,293.99
2022-07-27,2.9766,1.9766,297.65999999999997
2022-07-28,2.9804,1.9804,298.04
2022-07-31,3.0515,2.0515,305.15
2022-08-01,3.0205,2.0205,302.05
2022-08-02,2.932,1.932,293.2
2022-08-03,2.9127,1.9127,291.27
2022-08-04,2.8829,1.8828999999999998,288.28999999999996
2022-08-07,3.0086,2.0086,300.86
2022-08-08,3.076,2.076,307.6
2022-08-09,3.048,2.048,304.8
2022-08-10,3.0453,2.0453,304.53000000000003
2022-08-11,3.1028,2.1028,310.28
2022-08-14,3.1417,2.1417,314.17
2022-08-15,3.1564,2.1564,315.64
2022-08-16,3.1368,2.1368,313.68
2022-08-17,3.1601,2.1601,316.01
2022-08-18,3.1308,2.1308,313.08
2022-08-21,3.1978,2.1978,319.78
2022-08-22,3.2242,2.2242,322.42
2022-08-23,3.1485,2.1485,314.84999999999997
2022-08-24,3.2129,2.2129,321.28999999999996
2022-08-25,3.2122,2.2122,321.22
2022-08-28,3.2392,2.2392,323.91999999999996
2022-08-29,3.1189,2.1189,311.89
2022-08-30,2.9965,1.9965000000000002,299.65000000000003
2022-08-31,3.0186,2.0186,301.86
2022-09-01,3.044,2.044,304.4
2022-09-04,3.0894,2.0894,308.94
2022-09-05,3.1839,2.1839,318.39
2022-09-06,3.2427,2.2427,324.27000000000004
2022-09-07,3.1952,2.1952,319.52
2022-09-08,3.1941,2.1941,319.41
2022-09-12,3.1816,2.1816,318.16
2022-09-13,3.1246,2.1246,312.46
2022-09-14,3.0321,2.0321,303.21
2022-09-15,2.9716,1.9716,297.16
2022-09-18,2.9583,1.9583,295.83
2022-09-19,3.0411,2.0411,304.11
2022-09-20,3.0479,2.0479,304.78999999999996
2022-09-21,3.0797,2.0797,307.96999999999997
2022-09-22,3.0043,2.0043,300.43
2022-09-25,2.9922,1.9922,299.21999999999997
2022-09-26,2.9588,1.9588,295.88
2022-09-27,2.8807,1.8807,288.07
2022-09-28,2.944,1.944,294.4
2022-09-29,2.8924,1.8923999999999999,289.24
2022-10-09,2.8445,1.8445,284.45
2022-10-10,2.8398,1.8397999999999999,283.97999999999996
2022-10-11,2.8777,1.8777,287.77
2022-10-12,2.8334,1.8334000000000001,283.34000000000003
2022-10-13,2.8663,1.8662999999999998,286.63
2022-10-16,2.81,1.81,281.0
2022-10-17,2.8,1.7999999999999998,280.0
2022-10-18,2.7952,1.7952,279.52
2022-10-19,2.7167,1.7167,271.67
2022-10-20,2.7126,1.7126000000000001,271.26
2022-10-23,2.6815,1.6815000000000002,268.15000000000003
2022-10-24,2.6999,1.6999,269.99
2022-10-25,2.6895,1.6894999999999998,268.95
2022-10-26,2.6915,1.6915,269.15
2022-10-27,2.6518,1.6518000000000002,265.18
2022-10-30,2.5902,1.5901999999999998,259.02
2022-10-31,2.6549,1.6549,265.49
2022-11-01,2.7288,1.7288000000000001,272.88
2022-11-02,2.7525,1.7525,275.25
2022-11-03,2.8824,1.8824,288.24
2022-11-06,2.9085,1.9085,290.85
2022-11-07,2.8958,1.8958,289.58
2022-11-08,2.8638,1.8638,286.38
2022-11-09,2.8124,1.8123999999999998,281.23999999999995
2022-11-10,2.8733,1.8733,287.33
2022-11-13,2.8038,1.8037999999999998,280.38
2022-11-14,2.8701,1.8700999999999999,287.01
2022-11-15,2.8434,1.8434,284.34
2022-11-16,2.7344,1.7344,273.44
2022-11-17,2.711,1.7109999999999999,271.09999999999997
2022-11-20,2.7282,1.7282000000000002,272.82
2022-11-21,2.6931,1.6930999999999998,269.31
2022-11-22,2.7056,1.7056,270.56
2022-11-23,2.7138,1.7138,271.38
2022-11-24,2.7364,1.7364000000000002,273.64000000000004
2022-11-27,2.7001,1.7001,270.01
2022-11-28,2.731,1.7309999999999999,273.09999999999997
2022-11-29,2.791,1.791,279.09999999999997
2022-11-30,2.8315,1.8315000000000001,283.15000000000003
2022-12-01,2.7892,1.7892000000000001,278.92
2022-12-04,2.8095,1.8094999999999999,280.95
2022-12-05,2.8187,1.8187000000000002,281.87
2022-12-06,2.794,1.794,279.4
2022-12-07,2.7937,1.7936999999999999,279.37
2022-12-08,2.8019,1.8018999999999998,280.19
2022-12-11,2.7513,1.7513,275.13
2022-12-12,2.7182,1.7182,271.82
2022-12-13,2.7237,1.7237,272.37
2022-12-14,2.7449,1.7449,274.49
2022-12-15,2.706,1.706,270.6
2022-12-18,2.6897,1.6897000000000002,268.97
2022-12-19,2.6854,1.6854,268.54
2022-12-20,2.6339,1.6339000000000001,263.39
2022-12-21,2.5772,1.5772,257.71999999999997
2022-12-22,2.5412,1.5412,254.12
2022-12-25,2.6066,1.6065999999999998,260.65999999999997
2022-12-26,2.6714,1.6714000000000002,267.14000000000004
2022-12-27,2.6162,1.6162,261.62
2022-12-28,2.5859,1.5859,258.59000000000003
2022-12-29,2.5834,1.5834000000000001,258.34000000000003
2022-12-30,2.5833,1.5833,258.33
2023-01-02,2.6199,1.6199,261.99
2023-01-03,2.5688,1.5688,256.88
2023-01-04,2.6005,1.6004999999999998,260.04999999999995
2023-01-05,2.6977,1.6977000000000002,269.77000000000004
2023-01-08,2.7441,1.7441,274.41
2023-01-09,2.7481,1.7481,274.81
2023-01-10,2.7684,1.7684000000000002,276.84000000000003
2023-01-11,2.7819,1.7818999999999998,278.19
2023-01-12,2.7845,1.7845,278.45
2023-01-15,2.7798,1.7797999999999998,277.97999999999996
2023-01-16,2.7859,1.7858999999999998,278.59
2023-01-17,2.7959,1.7959,279.59000000000003
2023-01-18,2.8014,1.8014000000000001,280.14
2023-01-19,2.8276,1.8276,282.76
2023-01-29,2.8956,1.8956,289.56
2023-01-30,2.9057,1.9057,290.57
2023-01-31,2.9558,1.9558,295.58
2023-02-01,2.9788,1.9788000000000001,297.88
2023-02-02,2.9495,1.9495,294.95
2023-02-05,2.9154,1.9154,291.54
2023-02-06,2.9428,1.9428,294.28000000000003
2023-02-07,2.9403,1.9403000000000001,294.03000000000003
2023-02-08,2.9598,1.9598,295.98
2023-02-09,2.9135,1.9135,291.35
2023-02-12,2.9207,1.9207,292.07
2023-02-13,2.9184,1.9184,291.84000000000003
2023-02-14,2.9001,1.9001000000000001,290.01
2023-02-15,2.8472,1.8472,284.71999999999997
2023-02-16,2.8609,1.8609,286.09
2023-02-19,2.9244,1.9243999999999999,292.44
2023-02-20,3.0006,2.0006,300.06
2023-02-21,3.0098,2.0098,300.97999999999996
2023-02-22,3.0225,2.0225,302.25
2023-02-23,2.988,1.988,298.8
2023-02-26,2.9875,1.9874999999999998,298.75
2023-02-27,2.976,1.976,297.6
2023-02-28,2.9732,1.9731999999999998,297.32
2023-03-01,2.9136,1.9136000000000002,291.36
2023-03-02,2.9123,1.9123,291.23
2023-03-05,2.8825,1.8824999999999998,288.25
2023-03-06,2.8456,1.8456000000000001,284.56
2023-03-07,2.8306,1.8306,283.06
2023-03-08,2.8055,1.8054999999999999,280.55
2023-03-09,2.7312,1.7311999999999999,273.12
2023-03-12,2.7423,1.7423000000000002,274.23
2023-03-13,2.6982,1.6982,269.82
2023-03-14,2.6943,1.6943000000000001,269.43
2023-03-15,2.6218,1.6218,262.18
2023-03-16,2.6246,1.6246,262.46
2023-03-19,2.6357,1.6357,263.57
2023-03-20,2.6996,1.6996000000000002,269.96000000000004
2023-03-21,2.688,1.6880000000000002,268.8
2023-03-22,2.69,1.69,269.0
2023-03-23,2.6855,1.6855000000000002,268.55
2023-03-26,2.6784,1.6784,267.84
2023-03-27,2.6981,1.6981000000000002,269.81
2023-03-28,2.7322,1.7322000000000002,273.22
2023-03-29,2.7461,1.7461000000000002,274.61
2023-03-30,2.7594,1.7593999999999999,275.94
2023-04-02,2.7285,1.7285,272.84999999999997
2023-04-03,2.6881,1.6881,268.81
2023-04-05,2.6792,1.6791999999999998,267.91999999999996
2023-04-06,2.6683,1.6683,266.83
2023-04-09,2.6658,1.6658,266.58
2023-04-10,2.6516,1.6516000000000002,265.16
2023-04-11,2.625,1.625,262.5
2023-04-12,2.597,1.597,259.7
2023-04-13,2.6337,1.6337000000000002,263.37
2023-04-16,2.6685,1.6684999999999999,266.84999999999997
2023-04-17,2.6838,1.6838000000000002,268.38
2023-04-18,2.6448,1.6448,264.48
2023-04-19,2.5896,1.5896,258.96
2023-04-20,2.5307,1.5307,253.07
2023-04-23,2.5331,1.5331000000000001,253.31
2023-04-24,2.4673,1.4672999999999998,246.73
2023-04-25,2.5037,1.5036999999999998,250.36999999999998
2023-04-26,2.5213,1.5213,252.13
2023-04-27,2.4972,1.4971999999999999,249.72
2023-05-03,2.4834,1.4834,248.34
2023-05-04,2.4379,1.4379,243.79
2023-05-07,2.4448,1.4447999999999999,244.48
2023-05-08,2.3908,1.3908,239.08
2023-05-09,2.479,1.479,247.9
2023-05-10,2.4952,1.4952,249.52
2023-05-11,2.4683,1.4683000000000002,246.83
2023-05-14,2.4973,1.4973,249.73000000000002
2023-05-15,2.4919,1.4918999999999998,249.18999999999997
2023-05-16,2.4896,1.4895999999999998,248.95999999999998
2023-05-17,2.4778,1.4777999999999998,247.77999999999997
2023-05-18,2.4757,1.4756999999999998,247.57
2023-05-21,2.5294,1.5293999999999999,252.94
2023-05-22,2.5283,1.5283000000000002,252.83
2023-05-23,2.5075,1.5074999999999998,250.74999999999997
2023-05-24,2.4933,1.4933,249.33
2023-05-25,2.5381,1.5381,253.81
2023-05-28,2.4997,1.4996999999999998,249.96999999999997
2023-05-29,2.5192,1.5192,251.92000000000002
2023-05-30,2.503,1.5030000000000001,250.3
2023-05-31,2.4815,1.4815,248.15
2023-06-01,2.5562,1.5562,255.62
2023-06-04,2.5599,1.5598999999999998,255.98999999999998
2023-06-05,2.5179,1.5179,251.79
2023-06-06,2.4778,1.4777999999999998,247.77999999999997
2023-06-07,2.4673,1.4672999999999998,246.73
2023-06-08,2.4985,1.4985,249.85
2023-06-11,2.625,1.625,262.5
2023-06-12,2.6648,1.6648,266.48
2023-06-13,2.6752,1.6751999999999998,267.52
2023-06-14,2.7286,1.7286000000000001,272.86
2023-06-15,2.7182,1.7182,271.82
2023-06-18,2.7247,1.7247,272.46999999999997
2023-06-19,2.7576,1.7576,275.76
2023-06-20,2.7435,1.7435,274.35
2023-06-25,2.7139,1.7139000000000002,271.39000000000004
2023-06-26,2.7112,1.7111999999999998,271.12
2023-06-27,2.7063,1.7063000000000001,270.63
2023-06-28,2.7007,1.7006999999999999,270.07
2023-06-29,2.7371,1.7370999999999999,273.71
2023-07-02,2.769,1.7690000000000001,276.90000000000003
2023-07-03,2.8694,1.8694000000000002,286.94
2023-07-04,2.8246,1.8246000000000002,282.46000000000004
2023-07-05,2.8343,1.8342999999999998,283.43
2023-07-06,2.8098,1.8098,280.98
2023-07-09,2.7855,1.7854999999999999,278.55
2023-07-10,2.8965,1.8965,289.65000000000003
2023-07-11,2.8826,1.8826,288.26
2023-07-12,2.8767,1.8767,287.67
2023-07-13,2.8289,1.8289,282.89
2023-07-16,2.8014,1.8014000000000001,280.14
2023-07-17,2.8519,1.8519,285.19
2023-07-18,2.8293,1.8293,282.93
2023-07-19,2.7646,1.7646000000000002,276.46000000000004
2023-07-20,2.7434,1.7433999999999998,274.34
2023-07-23,2.7414,1.7414,274.14
2023-07-24,2.8511,1.8511000000000002,285.11
2023-07-25,2.8089,1.8089,280.89
2023-07-26,2.8583,1.8582999999999998,285.83
2023-07-27,2.8922,1.8921999999999999,289.21999999999997
2023-07-30,2.8928,1.8927999999999998,289.28
2023-07-31,2.8772,1.8772000000000002,287.72
2023-08-01,2.875,1.875,287.5
2023-08-02,2.8322,1.8321999999999998,283.21999999999997
2023-08-03,2.8556,1.8556,285.56
2023-08-06,2.8646,1.8645999999999998,286.46
2023-08-07,2.855,1.855,285.5
2023-08-08,2.8238,1.8237999999999999,282.38
2023-08-09,2.7929,1.7929,279.29
2023-08-10,2.759,1.759,275.9
2023-08-13,2.7283,1.7283,272.83
2023-08-14,2.7097,1.7097000000000002,270.97
2023-08-15,2.6584,1.6583999999999999,265.84
2023-08-16,2.6855,1.6855000000000002,268.55
2023-08-17,2.6408,1.6408,264.08
2023-08-20,2.6164,1.6164,261.64
2023-08-21,2.6493,1.6493000000000002,264.93
2023-08-22,2.5981,1.5981,259.81
2023-08-23,2.621,1.621,262.1
2023-08-24,2.5862,1.5861999999999998,258.62
2023-08-27,2.601,1.601,260.1
2023-08-28,2.702,1.702,270.2
2023-08-29,2.704,1.7040000000000002,270.40000000000003
2023-08-30,2.69,1.69,269.0
2023-08-31,2.7042,1.7042000000000002,270.42
2023-09-03,2.7071,1.7071,270.71
2023-09-04,2.6912,1.6911999999999998,269.12
2023-09-05,2.7091,1.7090999999999998,270.90999999999997
2023-09-06,2.673,1.673,267.3
2023-09-07,2.6847,1.6846999999999999,268.46999999999997
2023-09-10,2.7502,1.7502,275.02
2023-09-11,2.7878,1.7877999999999998,278.78
2023-09-12,2.7259,1.7259000000000002,272.59000000000003
2023-09-13,2.6887,1.6886999999999999,268.87
2023-09-14,2.6966,1.6966,269.66
2023-09-17,2.7573,1.7572999999999999,275.72999999999996
2023-09-18,2.7695,1.7694999999999999,276.95
2023-09-19,2.7459,1.7458999999999998,274.59
2023-09-20,2.6961,1.6961,269.61
2023-09-21,2.718,1.718,271.8
2023-09-24,2.7333,1.7332999999999998,273.33
2023-09-25,2.7153,1.7153,271.53000000000003
2023-09-26,2.6999,1.6999,269.99
2023-09-27,2.7175,1.7174999999999998,271.75
2023-10-08,2.7782,1.7782,277.82
2023-10-09,2.7456,1.7456,274.56
2023-10-10,2.733,1.733,273.3
2023-10-11,2.7429,1.7429000000000001,274.29
2023-10-12,2.7234,1.7233999999999998,272.34
2023-10-15,2.7113,1.7113,271.13
2023-10-16,2.6863,1.6863000000000001,268.63
2023-10-17,2.6898,1.6898,268.98
2023-10-18,2.6112,1.6112000000000002,261.12
2023-10-19,2.5761,1.5760999999999998,257.60999999999996
2023-10-22,2.5269,1.5269,252.69
2023-10-23,2.5444,1.5444,254.44
2023-10-24,2.5854,1.5854,258.53999999999996
2023-10-25,2.5937,1.5937000000000001,259.37
2023-10-26,2.608,1.608,260.8
2023-10-29,2.6265,1.6265,262.65
2023-10-30,2.5953,1.5953,259.53
2023-10-31,2.6141,1.6141,261.41
2023-11-01,2.5813,1.5813000000000001,258.13
2023-11-02,2.6197,1.6197,261.96999999999997
2023-11-05,2.6718,1.6718000000000002,267.18
2023-11-06,2.6793,1.6793,267.93
2023-11-07,2.6605,1.6604999999999999,266.05
2023-11-08,2.6459,1.6459000000000001,264.59000000000003
2023-11-09,2.6323,1.6322999999999999,263.22999999999996
2023-11-12,2.6338,1.6338,263.38
2023-11-13,2.6526,1.6526,265.26
2023-11-14,2.7257,1.7256999999999998,272.57
2023-11-15,2.7199,1.7199,271.99
2023-11-16,2.7623,1.7623000000000002,276.23
2023-11-19,2.7576,1.7576,275.76
2023-11-20,2.7238,1.7238000000000002,272.38
2023-11-21,2.6782,1.6782,267.82
2023-11-22,2.7595,1.7595,275.95
2023-11-23,2.7276,1.7275999999999998,272.76
2023-11-26,2.7228,1.7227999999999999,272.28
2023-11-27,2.7187,1.7187000000000001,271.87
2023-11-28,2.7157,1.7157,271.57
2023-11-29,2.6833,1.6833,268.33
2023-11-30,2.6645,1.6644999999999999,266.45
2023-12-03,2.6444,1.6444,264.44
2023-12-04,2.5993,1.5993,259.93
2023-12-05,2.5952,1.5952000000000002,259.52000000000004
2023-12-06,2.5923,1.5922999999999998,259.22999999999996
2023-12-07,2.583,1.5830000000000002,258.3
2023-12-10,2.6404,1.6404,264.04
2023-12-11,2.6406,1.6406,264.06
2023-12-12,2.6152,1.6152000000000002,261.52000000000004
2023-12-13,2.606,1.6059999999999999,260.59999999999997
2023-12-14,2.5804,1.5804,258.04
2023-12-17,2.5531,1.5531000000000001,255.31
2023-12-18,2.5406,1.5406,254.06
2023-12-19,2.4826,1.4826000000000001,248.26000000000002
2023-12-20,2.4934,1.4933999999999998,249.33999999999997
2023-12-21,2.4892,1.4891999999999999,248.92
2023-12-24,2.5418,1.5417999999999998,254.17999999999998
2023-12-25,2.52,1.52,252.0
2023-12-26,2.5282,1.5282,252.82
2023-12-27,2.5543,1.5543,255.43
2023-12-28,2.5795,1.5795,257.95
2023-12-30,2.5793,1.5793,257.93
2024-01-01,2.545,1.545,254.5
2024-01-02,2.4921,1.4921000000000002,249.21
2024-01-03,2.4674,1.4674,246.74
2024-01-04,2.4245,1.4245,242.45000000000002
2024-01-07,2.3707,1.3706999999999998,237.07
2024-01-08,2.3755,1.3755000000000002,237.55
2024-01-09,2.3601,1.3601,236.01000000000002
2024-01-10,2.3709,1.3708999999999998,237.08999999999997
2024-01-11,2.3772,1.3772000000000002,237.72000000000003
2024-01-14,2.3402,1.3401999999999998,234.01999999999998
2024-01-15,2.3413,1.3413,234.13
2024-01-16,2.2693,1.2692999999999999,226.92999999999998
2024-01-17,2.2854,1.2854,228.54000000000002
2024-01-18,2.2677,1.2677,226.77
2024-01-21,2.1735,1.1735000000000002,217.35000000000002
2024-01-22,2.2046,1.2046000000000001,220.46
2024-01-23,2.2156,1.2155999999999998,221.55999999999997
2024-01-24,2.2435,1.2435,224.35
2024-01-25,2.1828,1.1827999999999999,218.27999999999997
2024-01-28,2.1357,1.1357,213.57
2024-01-29,2.1065,1.1065,210.65
2024-01-30,2.0466,1.0466000000000002,204.66000000000003
2024-01-31,2.0615,1.0615,206.15
2024-02-01,1.9981,0.9981,199.81
2024-02-04,1.9414,0.9414,194.14000000000001
2024-02-05,2.0606,1.0606,206.06
2024-02-06,2.1515,1.1515,215.15
2024-02-07,2.2042,1.2042000000000002,220.42000000000002
2024-02-18,2.1839,1.1839,218.39
2024-02-19,2.1591,1.1591,215.91
2024-02-20,2.1993,1.1993,219.93
2024-02-21,2.2205,1.2205,222.04999999999998
2024-02-22,2.273,1.2730000000000001,227.3
2024-02-25,2.3177,1.3176999999999999,231.76999999999998
2024-02-26,2.3899,1.3899,238.98999999999998
2024-02-27,2.2735,1.2734999999999999,227.35
2024-02-28,2.3464,1.3464,234.64000000000001
2024-02-29,2.3503,1.3502999999999998,235.02999999999997
2024-03-03,2.3443,1.3443,234.43
2024-03-04,2.3327,1.3327,233.27
2024-03-05,2.3388,1.3388,233.88
2024-03-06,2.3139,1.3138999999999998,231.39
2024-03-07,2.3089,1.3089,230.89
2024-03-10,2.3359,1.3359,233.59
2024-03-11,2.3937,1.3937,239.37
2024-03-12,2.4169,1.4169,241.69
2024-03-13,2.3908,1.3908,239.08
2024-03-14,2.4506,1.4506000000000001,245.06
2024-03-17,2.4704,1.4704000000000002,247.04000000000002
2024-03-18,2.4728,1.4727999999999999,247.28
2024-03-19,2.4629,1.4628999999999999,246.29
2024-03-20,2.4417,1.4417,244.17
2024-03-21,2.3939,1.3939,239.39
2024-03-24,2.371,1.371,237.1
2024-03-25,2.4014,1.4014000000000002,240.14000000000001
2024-03-26,2.3382,1.3382,233.82
2024-03-27,2.3623,1.3622999999999998,236.23
2024-03-28,2.3892,1.3892000000000002,238.92000000000002
2024-03-31,2.4462,1.4462000000000002,244.62
2024-04-01,2.4411,1.4411,244.11
2024-04-02,2.4123,1.4123,241.23000000000002
2024-04-07,2.4359,1.4359000000000002,243.59000000000003
2024-04-08,2.445,1.4449999999999998,244.49999999999997
2024-04-09,2.4158,1.4158,241.57999999999998
2024-04-10,2.4051,1.4051,240.51
2024-04-11,2.401,1.4009999999999998,240.09999999999997
2024-04-14,2.3967,1.3967,239.67000000000002
2024-04-15,2.3207,1.3207,232.07
2024-04-16,2.3847,1.3847,238.47
2024-04-17,2.3832,1.3832,238.32
2024-04-18,2.3523,1.3523,235.23000000000002
2024-04-21,2.3419,1.3418999999999999,234.19
2024-04-22,2.3377,1.3377,233.76999999999998
2024-04-23,2.3659,1.3659,236.58999999999997
2024-04-24,2.3635,1.3635000000000002,236.35000000000002
2024-04-25,2.4099,1.4099,240.98999999999998
2024-04-28,2.4864,1.4864000000000002,248.64000000000001
2024-04-29,2.5028,1.5028000000000001,250.28
2024-05-05,2.5428,1.5428000000000002,254.28000000000003
2024-05-06,2.5449,1.5449000000000002,254.49
2024-05-07,2.5001,1.5001000000000002,250.01000000000002
2024-05-08,2.5176,1.5175999999999998,251.76
2024-05-09,2.4932,1.4931999999999999,249.32
2024-05-12,2.4694,1.4693999999999998,246.93999999999997
2024-05-13,2.4607,1.4607,246.07000000000002
2024-05-14,2.4313,1.4312999999999998,243.12999999999997
2024-05-15,2.4176,1.4176000000000002,241.76000000000002
2024-05-16,2.4435,1.4434999999999998,244.34999999999997
2024-05-19,2.4498,1.4498000000000002,244.98000000000002
2024-05-20,2.4041,1.4041000000000001,240.41000000000003
2024-05-21,2.4003,1.4003,240.03
2024-05-22,2.3568,1.3567999999999998,235.67999999999998
2024-05-23,2.3211,1.3211,232.10999999999999
2024-05-26,2.3286,1.3285999999999998,232.85999999999999
2024-05-27,2.31,1.31,231.0
2024-05-28,2.3177,1.3176999999999999,231.76999999999998
2024-05-29,2.3189,1.3189000000000002,231.89000000000001
2024-05-30,2.335,1.335,233.5
2024-06-02,2.344,1.3439999999999999,234.39999999999998
2024-06-03,2.3515,1.3515000000000001,235.15
2024-06-04,2.3582,1.3582,235.82
2024-06-05,2.3236,1.3235999999999999,232.35999999999999
2024-06-06,2.315,1.315,231.5
2024-06-10,2.3169,1.3169,231.69
2024-06-11,2.3383,1.3382999999999998,233.82999999999998
2024-06-12,2.3459,1.3458999999999999,234.58999999999997
2024-06-13,2.3351,1.3351000000000002,233.51000000000002
2024-06-16,2.3453,1.3453,234.53
2024-06-17,2.3855,1.3855,238.54999999999998
2024-06-18,2.3391,1.3391000000000002,233.91000000000003
2024-06-19,2.3092,1.3092000000000001,230.92000000000002
2024-06-20,2.3152,1.3152,231.51999999999998
2024-06-23,2.2644,1.2644000000000002,226.44000000000003
2024-06-24,2.267,1.267,226.7
2024-06-25,2.2893,1.2893,228.92999999999998
2024-06-26,2.2271,1.2271,222.71
2024-06-27,2.2438,1.2437999999999998,224.37999999999997
2024-06-29,2.2436,1.2435999999999998,224.35999999999999
2024-06-30,2.2538,1.2538,225.38
2024-07-01,2.2347,1.2347000000000001,223.47000000000003
2024-07-02,2.2213,1.2212999999999998,222.13
2024-07-03,2.2266,1.2266,222.66
2024-07-04,2.2346,1.2346,223.45999999999998
2024-07-07,2.2028,1.2027999999999999,220.27999999999997
2024-07-08,2.294,1.294,229.4
2024-07-09,2.3869,1.3868999999999998,238.68999999999997
2024-07-10,2.4186,1.4186,241.86
2024-07-11,2.4277,1.4277000000000002,242.77
2024-07-14,2.4033,1.4033000000000002,240.33
2024-07-15,2.407,1.407,240.7
2024-07-16,2.3765,1.3765,237.65
2024-07-17,2.3746,1.3746,237.46
2024-07-18,2.3571,1.3571,235.71
2024-07-21,2.3452,1.3452000000000002,234.52
2024-07-22,2.2541,1.2541000000000002,225.41000000000003
2024-07-23,2.1946,1.1945999999999999,219.45999999999998
2024-07-24,2.1845,1.1844999999999999,218.45
2024-07-25,2.2319,1.2319,223.19
2024-07-28,2.2095,1.2094999999999998,220.95
2024-07-29,2.1877,1.1877,218.77
2024-07-30,2.2682,1.2682000000000002,226.82000000000002
2024-07-31,2.2359,1.2359,223.59
2024-08-01,2.1891,1.1890999999999998,218.90999999999997
2024-08-04,2.1232,1.1232000000000002,212.32000000000002
2024-08-05,2.1326,1.1326,213.26
2024-08-06,2.1378,1.1378,213.78
2024-08-07,2.1249,1.1248999999999998,212.48999999999998
2024-08-08,2.1163,1.1162999999999998,211.63
2024-08-11,2.0997,1.0997,209.97
2024-08-12,2.1049,1.1049000000000002,210.49
2024-08-13,2.0783,1.0783,207.83
2024-08-14,2.1046,1.1046,210.46
2024-08-15,2.1093,1.1093000000000002,210.93
2024-08-18,2.1023,1.1023,210.23000000000002
2024-08-19,2.073,1.073,207.29999999999998
2024-08-20,2.0841,1.0840999999999998,208.41
2024-08-21,2.053,1.053,205.29999999999998
2024-08-22,2.0581,1.0581,205.81
2024-08-25,2.0635,1.0635,206.35
2024-08-26,2.0407,1.0407000000000002,204.07000000000002
2024-08-27,2.0327,1.0327000000000002,203.27
2024-08-28,2.0791,1.0791,207.91
2024-08-29,2.1263,1.1263,212.63
2024-09-01,2.0938,1.0937999999999999,209.38
2024-09-02,2.1487,1.1486999999999998,214.86999999999998
2024-09-03,2.1615,1.1615000000000002,216.15000000000003
2024-09-04,2.1876,1.1876000000000002,218.76000000000002
2024-09-05,2.1667,1.1667,216.67000000000002
2024-09-08,2.1381,1.1381000000000001,213.81
2024-09-09,2.1398,1.1398000000000001,213.98000000000002
2024-09-10,2.1692,1.1692,216.92000000000002
2024-09-11,2.1406,1.1406,214.06
2024-09-12,2.1092,1.1092,210.92
2024-09-17,2.1438,1.1438000000000001,214.38000000000002
2024-09-18,2.1574,1.1574,215.74
2024-09-19,2.152,1.1520000000000001,215.20000000000002
2024-09-22,2.1467,1.1467,214.67000000000002
2024-09-23,2.2101,1.2101000000000002,221.01000000000002
2024-09-24,2.22,1.2200000000000002,222.00000000000003
2024-09-25,2.2921,1.2921,229.21
2024-09-26,2.3977,1.3977,239.76999999999998
2024-09-29,2.5901,1.5901,259.01
2024-10-07,2.7141,1.7141000000000002,271.41
2024-10-08,2.5968,1.5968,259.68
2024-10-09,2.5907,1.5907,259.07
2024-10-10,2.5199,1.5198999999999998,251.98999999999998
2024-10-13,2.5467,1.5467,254.67
2024-10-14,2.5127,1.5127000000000002,251.27
2024-10-15,2.5025,1.5025,250.25
2024-10-16,2.4942,1.4942000000000002,249.42000000000002
2024-10-17,2.5584,1.5583999999999998,255.83999999999997
2024-10-20,2.5531,1.5531000000000001,255.31
2024-10-21,2.5917,1.5917,259.17
2024-10-22,2.612,1.612,261.2
2024-10-23,2.5775,1.5775000000000001,257.75
2024-10-24,2.5849,1.5849000000000002,258.49
2024-10-27,2.589,1.589,258.9
2024-10-28,2.5792,1.5792000000000002,257.92
2024-10-29,2.5738,1.5737999999999999,257.38
2024-10-30,2.5533,1.5533000000000001,255.33
2024-10-31,2.5136,1.5135999999999998,251.35999999999999
2024-11-03,2.5892,1.5892,258.92
2024-11-04,2.6638,1.6638000000000002,266.38
2024-11-05,2.6571,1.6570999999999998,265.71
2024-11-06,2.6711,1.6711,267.11
2024-11-07,2.6906,1.6905999999999999,269.06
2024-11-10,2.7654,1.7654,276.54
2024-11-11,2.7185,1.7185000000000001,271.85
2024-11-12,2.7048,1.7048,270.48
2024-11-13,2.6299,1.6299000000000001,262.99
2024-11-14,2.5737,1.5737,257.37
2024-11-17,2.5399,1.5398999999999998,253.98999999999998
2024-11-18,2.5877,1.5877,258.77
2024-11-19,2.6089,1.6089000000000002,260.89000000000004
2024-11-20,2.5878,1.5878,258.78000000000003
2024-11-21,2.5061,1.5061,250.61
2024-11-24,2.5151,1.5151,251.51
2024-11-25,2.4716,1.4716,247.16
2024-11-26,2.5256,1.5255999999999998,252.55999999999997
2024-11-27,2.476,1.476,247.6
2024-11-28,2.5109,1.5109,251.09
2024-12-01,2.5381,1.5381,253.81
2024-12-02,2.5264,1.5264000000000002,252.64000000000001
2024-12-03,2.4997,1.4996999999999998,249.96999999999997
2024-12-04,2.5224,1.5224000000000002,252.24
2024-12-05,2.5318,1.5318,253.18
2024-12-08,2.5594,1.5594000000000001,255.94
2024-12-09,2.5751,1.5751,257.51
2024-12-10,2.5809,1.5809000000000002,258.09000000000003
2024-12-11,2.6104,1.6103999999999998,261.03999999999996
2024-12-12,2.583,1.5830000000000002,258.3
2024-12-15,2.5492,1.5492,254.92
2024-12-16,2.5409,1.5409000000000002,254.09
2024-12-17,2.5532,1.5532,255.32
2024-12-18,2.5632,1.5632000000000001,256.32
2024-12-19,2.5755,1.5755,257.55
2024-12-22,2.5072,1.5072,250.72
2024-12-23,2.549,1.549,254.9
2024-12-24,2.5341,1.5341,253.41
2024-12-25,2.5743,1.5743,257.43
2024-12-26,2.5418,1.5417999999999998,254.17999999999998
2024-12-29,2.5419,1.5419,254.19
2024-12-30,2.4898,1.4897999999999998,248.98
2025-01-01,2.4371,1.4371,243.71
2025-01-02,2.3861,1.3860999999999999,238.60999999999999
2025-01-05,2.3871,1.3871000000000002,238.71000000000004
2025-01-06,2.4235,1.4235000000000002,242.35000000000002
2025-01-07,2.4404,1.4404,244.04
2025-01-08,2.4411,1.4411,244.11
2025-01-09,2.401,1.4009999999999998,240.09999999999997
2025-01-12,2.4013,1.4013,240.13
2025-01-13,2.4988,1.4988000000000001,249.88000000000002
2025-01-14,2.4751,1.4750999999999999,247.51
2025-01-15,2.4742,1.4742000000000002,247.42000000000002
2025-01-16,2.4905,1.4905,249.04999999999998
2025-01-19,2.5029,1.5029,250.29
2025-01-20,2.5273,1.5272999999999999,252.73
2025-01-21,2.4975,1.4975,249.75
2025-01-22,2.4921,1.4921000000000002,249.21
2025-01-23,2.5419,1.5419,254.19
2025-01-26,2.5392,1.5392000000000001,253.92000000000002
2025-02-04,2.5565,1.5565000000000002,255.65000000000003
2025-02-05,2.6316,1.6316000000000002,263.16
2025-02-06,2.6683,1.6683,266.83
2025-02-09,2.6779,1.6779000000000002,267.79
2025-02-10,2.6529,1.6528999999999998,265.28999999999996
2025-02-11,2.6827,1.6827,268.27
2025-02-12,2.6409,1.6408999999999998,264.09
2025-02-13,2.6709,1.6709,267.09000000000003
2025-02-16,2.6794,1.6793999999999998,267.94
2025-02-17,2.6233,1.6233,262.33
2025-02-18,2.6853,1.6852999999999998,268.53
2025-02-19,2.7017,1.7017000000000002,270.17
2025-02-20,2.804,1.8039999999999998,280.4
2025-02-23,2.8187,1.8187000000000002,281.87
2025-02-24,2.8104,1.8104,281.04
2025-02-25,2.8185,1.8184999999999998,281.84999999999997
2025-02-26,2.7935,1.7934999999999999,279.34999999999997
2025-02-27,2.6881,1.6881,268.81
2025-03-02,2.6774,1.6774,267.74
2025-03-03,2.7107,1.7107,271.07
2025-03-04,2.76,1.7599999999999998,276.0
2025-03-05,2.8364,1.8363999999999998,283.64
2025-03-06,2.8289,1.8289,282.89
2025-03-09,2.8304,1.8304,283.04
2025-03-10,2.8503,1.8502999999999998,285.03
2025-03-11,2.8674,1.8674,286.74
2025-03-12,2.8146,1.8146,281.46
2025-03-13,2.865,1.8650000000000002,286.5
2025-03-16,2.8615,1.8615,286.15
2025-03-17,2.8582,1.8582,285.82
2025-03-18,2.8197,1.8197,281.97
2025-03-19,2.7667,1.7667000000000002,276.67
2025-03-20,2.6934,1.6934,269.34
2025-03-23,2.6616,1.6616,266.15999999999997
2025-03-24,2.6017,1.6017000000000001,260.17
2025-03-25,2.6109,1.6109,261.09
2025-03-26,2.5878,1.5878,258.78000000000003
2025-03-27,2.5684,1.5684,256.84
2025-03-30,2.5651,1.5651000000000002,256.51
2025-03-31,2.5507,1.5507,255.07
2025-04-01,2.5752,1.5752000000000002,257.52000000000004
2025-04-02,2.5141,1.5141,251.41
2025-04-06,2.2175,1.2174999999999998,221.74999999999997
2025-04-07,2.17,1.17,217.0
2025-04-08,2.2278,1.2277999999999998,222.77999999999997
2025-04-09,2.3072,1.3072,230.72
2025-04-10,2.3536,1.3536000000000001,235.36
2025-04-13,2.4046,1.4045999999999998,240.45999999999998
2025-04-14,2.3838,1.3838,238.38
2025-04-15,2.3369,1.3369,233.69
2025-04-16,2.3385,1.3384999999999998,233.84999999999997
2025-04-17,2.3358,1.3357999999999999,233.57999999999998
2025-04-20,2.4017,1.4017,240.17
2025-04-21,2.3759,1.3759000000000001,237.59
2025-04-22,2.4196,1.4196,241.96
2025-04-23,2.3681,1.3681,236.81
2025-04-24,2.4034,1.4034,240.34
2025-04-27,2.4029,1.4028999999999998,240.29
2025-04-28,2.4244,1.4243999999999999,242.44
2025-04-29,2.4875,1.4874999999999998,248.74999999999997
2025-05-05,2.5605,1.5605000000000002,256.05
2025-05-06,2.5388,1.5388000000000002,253.88000000000002
2025-05-07,2.5375,1.5375,253.75
2025-05-08,2.4791,1.4790999999999999,247.91
2025-05-11,2.5277,1.5276999999999998,252.76999999999998
2025-05-12,2.5389,1.5389,253.89
2025-05-13,2.5326,1.5326,253.26
2025-05-14,2.4459,1.4459,244.59
2025-05-15,2.4478,1.4478,244.78
2025-05-18,2.4362,1.4362,243.62
2025-05-19,2.4677,1.4676999999999998,246.76999999999998
2025-05-20,2.4433,1.4432999999999998,244.32999999999998
2025-05-21,2.4303,1.4303,243.03
2025-05-22,2.3943,1.3942999999999999,239.42999999999998
2025-05-25,2.4139,1.4139,241.39
2025-05-26,2.3827,1.3826999999999998,238.26999999999998
2025-05-27,2.3575,1.3575,235.75
2025-05-28,2.4026,1.4026,240.26000000000002
2025-05-29,2.3519,1.3519,235.19
2025-06-02,2.3514,1.3514,235.14
2025-06-03,2.3897,1.3897,238.97
2025-06-04,2.4679,1.4679000000000002,246.79000000000002
2025-06-05,2.4632,1.4632,246.32
2025-06-08,2.5021,1.5021,250.21
2025-06-09,2.4747,1.4747,247.47
2025-06-10,2.4791,1.4790999999999999,247.91
2025-06-11,2.4804,1.4804,248.04
2025-06-12,2.4392,1.4392,243.92000000000002
2025-06-15,2.4679,1.4679000000000002,246.79000000000002
2025-06-16,2.4603,1.4603000000000002,246.03000000000003
2025-06-17,2.4948,1.4948000000000001,249.48000000000002
2025-06-18,2.4746,1.4746000000000001,247.46
2025-06-19,2.4304,1.4304000000000001,243.04000000000002
2025-06-22,2.4518,1.4518,245.18
2025-06-23,2.4915,1.4914999999999998,249.14999999999998
2025-06-24,2.5529,1.5529000000000002,255.29000000000002
2025-06-25,2.5313,1.5312999999999999,253.13
2025-06-26,2.5469,1.5469,254.69
2025-06-29,2.5677,1.5676999999999999,256.77
2025-06-30,2.5487,1.5487000000000002,254.87
2025-07-01,2.5206,1.5206,252.06
2025-07-02,2.5428,1.5428000000000002,254.28000000000003
2025-07-03,2.5392,1.5392000000000001,253.92000000000002
2025-07-06,2.53,1.5299999999999998,252.99999999999997
2025-07-07,2.5575,1.5575,255.75
2025-07-08,2.5629,1.5629,256.29
2025-07-09,2.5494,1.5493999999999999,254.94
2025-07-10,2.548,1.548,254.8
2025-07-13,2.5688,1.5688,256.88
2025-07-14,2.6212,1.6212,262.12
2025-07-15,2.6346,1.6345999999999998,263.46
2025-07-16,2.6582,1.6582,265.82
2025-07-17,2.6561,1.6561,265.61
2025-07-20,2.6429,1.6429,264.29
2025-07-21,2.6276,1.6276000000000002,262.76
2025-07-22,2.6337,1.6337000000000002,263.37
2025-07-23,2.6422,1.6421999999999999,264.21999999999997
2025-07-24,2.6946,1.6945999999999999,269.46
2025-07-27,2.6806,1.6806,268.06
2025-07-28,2.6857,1.6857000000000002,268.57
2025-07-29,2.6559,1.6559,265.59
2025-07-30,2.7142,1.7142,271.42
2025-07-31,2.7224,1.7224,272.24
2025-08-03,2.7516,1.7515999999999998,275.15999999999997
2025-08-04,2.7431,1.7431,274.31
2025-08-05,2.7655,1.7654999999999998,276.55
2025-08-06,2.7513,1.7513,275.13
2025-08-07,2.7272,1.7271999999999998,272.71999999999997
2025-08-10,2.7702,1.7702,277.02
2025-08-11,2.8028,1.8028,280.28
2025-08-12,2.83,1.83,283.0
2025-08-13,2.7922,1.7921999999999998,279.21999999999997
2025-08-14,2.8677,1.8677000000000001,286.77000000000004
2025-08-17,2.9445,1.9445000000000001,294.45
2025-08-18,2.9119,1.9119000000000002,291.19
2025-08-19,2.9209,1.9209,292.09000000000003
2025-08-20,2.9033,1.9033000000000002,290.33000000000004
2025-08-21,2.9675,1.9674999999999998,296.75
2025-08-24,2.9967,1.9967000000000001,299.67
2025-08-25,2.9832,1.9832,298.32
2025-08-26,2.9477,1.9477000000000002,294.77000000000004
2025-08-27,2.9944,1.9944000000000002,299.44
2025-08-28,2.9734,1.9733999999999998,297.34
2025-08-31,3.0202,2.0202,302.02
2025-09-01,2.8992,1.8992,289.92
2025-09-02,2.853,1.8530000000000002,285.3
2025-09-03,2.7685,1.7685,276.85
2025-09-04,2.8429,1.8429000000000002,284.29
2025-09-07,2.8815,1.8815,288.15
2025-09-08,2.8494,1.8494000000000002,284.94
2025-09-09,2.8652,1.8652000000000002,286.52000000000004
2025-09-10,2.9893,1.9893,298.93
2025-09-11,3.0475,2.0475,304.75
2025-09-14,3.0552,2.0552,305.52000000000004
2025-09-15,3.083,2.083,308.3
2025-09-16,3.1159,2.1159,311.59
2025-09-17,3.1368,2.1368,313.68
2025-09-18,3.1455,2.1455,314.55
2025-09-21,3.2201,2.2201,322.01
2025-09-22,3.2185,2.2185,321.85
2025-09-23,3.2362,2.2362,323.62
2025-09-24,3.2195,2.2195,321.95
2025-09-25,3.1164,2.1164,311.64
2025-09-28,3.1916,2.1916,319.16
2025-09-29,3.2748,2.2748,327.48
2025-10-08,3.3009,2.3009,330.09
2025-10-09,3.208,2.208,320.8
2025-10-12,3.2049,2.2049,320.49
2025-10-13,3.0955,2.0955,309.55
2025-10-14,3.1451,2.1451,314.51
2025-10-15,3.1697,2.1697,316.97
2025-10-16,3.0274,2.0274,302.74
2025-10-19,3.0487,2.0487,304.87
2025-10-20,3.1172,2.1172,311.71999999999997
2025-10-21,3.0983,2.0983,309.83
2025-10-22,3.1227,2.1227,312.27
2025-10-23,3.2747,2.2747,327.47
2025-10-26,3.4489,2.4489,344.89
2025-10-27,3.4021,2.4021,340.21
2025-10-28,3.4523,2.4523,345.23
2025-10-29,3.4491,2.4491,344.91
2025-10-30,3.4032,2.4032,340.32
2025-11-02,3.4202,2.4202,342.02
2025-11-03,3.3584,2.3584,335.84000000000003
2025-11-04,3.3799,2.3799,337.99
2025-11-05,3.4783,2.4783,347.83
2025-11-06,3.5118,2.5118,351.18
2025-11-09,3.5602,2.5602,356.02
2025-11-10,3.5048,2.5048,350.48
2025-11-11,3.5107,2.5107,351.07
2025-11-12,3.5227,2.5227,352.27
2025-11-13,3.4512,2.4512,345.12
2025-11-16,3.4255,2.4255,342.55
2025-11-17,3.4491,2.4491,344.91
2025-11-18,3.4195,2.4195,341.95000000000005
2025-11-19,3.3738,2.3738,337.38
2025-11-20,3.2487,2.2487,324.87
2025-11-23,3.2678,2.2678,326.78
2025-11-24,3.298,2.298,329.8
2025-11-25,3.3287,2.3287,332.87
2025-11-26,3.3143,2.3143,331.43
2025-11-27,3.3927,2.3927,339.27
2025-11-30,3.3907,2.3907,339.07
2025-12-01,3.3708,2.3708,337.08
2025-12-02,3.4006,2.4006,340.06
2025-12-03,3.4423,2.4423,344.23
2025-12-04,3.4865,2.4865,348.65
2025-12-07,3.5171,2.5171,351.71000000000004
2025-12-08,3.4992,2.4992,349.92
2025-12-09,3.524,2.524,352.4
2025-12-10,3.5068,2.5068,350.68
2025-12-11,3.6218,2.6218,362.18
2025-12-14,3.562,2.562,356.2
2025-12-15,3.5147,2.5147,351.46999999999997
2025-12-16,3.5908,2.5908,359.08000000000004
2025-12-17,3.5514,2.5514,355.14
2025-12-18,3.5363,2.5363,353.63
2025-12-21,3.6612,2.6612,366.12
2025-12-22,3.7128,2.7128,371.28000000000003
2025-12-23,3.7352,2.7352,373.52
2025-12-24,3.7327,2.7327,373.27
2025-12-25,3.7094,2.7094,370.94
2025-12-28,3.7169,2.7169,371.69
2025-12-29,3.7167,2.7167,371.67
2025-12-30,3.6849,2.6849,368.49
2026-01-04,3.7838,2.7838,378.38
2026-01-05,3.8715,2.8715,387.15000000000003
2026-01-06,4.0192,3.0191999999999997,401.91999999999996
2026-01-07,4.0241,3.0241,402.40999999999997
2026-01-08,4.0856,3.0856000000000003,408.56000000000006
2026-01-11,4.1149,3.1148999999999996,411.48999999999995
2026-01-12,3.9975,2.9975,399.75
2026-01-13,4.0472,3.0472,404.72
2026-01-14,4.158,3.1580000000000004,415.8
2026-01-15,4.2543,3.2542999999999997,425.42999999999995
2026-01-18,4.2603,3.2603,426.03
2026-01-19,4.2488,3.2488,424.88
2026-01-20,4.294,3.2939999999999996,429.4
2026-01-21,4.2529,3.2529000000000003,425.29
2026-01-22,4.3246,3.3246,432.46000000000004
2026-01-25,4.2721,3.2721,427.21
2026-01-26,4.3665,3.3665000000000003,436.65000000000003
2026-01-27,4.4388,3.4387999999999996,443.87999999999994
2026-01-28,4.2866,3.2866,428.65999999999997
2026-01-29,4.2888,3.2888,428.88
2026-02-01,4.0884,3.0884,408.84000000000003
2026-02-02,4.2421,3.2420999999999998,424.21
2026-02-03,4.241,3.2409999999999997,424.09999999999997
2026-02-04,4.134,3.1340000000000003,413.40000000000003
2026-02-05,4.0988,3.0987999999999998,409.88
2026-02-08,4.2465,3.2465,424.65000000000003
2026-02-09,4.2417,3.2417,424.16999999999996
2026-02-10,4.2081,3.2081,420.81
2026-02-11,4.342,3.3419999999999996,434.2
2026-02-12,4.3908,3.3907999999999996,439.08
2026-02-23,4.3674,3.3674,436.74
2026-02-24,4.4676,3.4676,446.76
2026-02-25,4.5944,3.5944000000000003,459.44000000000005
2026-02-26,4.611,3.6109999999999998,461.09999999999997
2026-03-01,4.5705,3.5705,457.05
2026-03-02,4.3234,3.3234000000000004,432.34000000000003
2026-03-03,4.3218,3.3217999999999996,432.17999999999995
2026-03-04,4.3915,3.3914999999999997,439.15
2026-03-05,4.3607,3.3606999999999996,436.06999999999994
2026-03-08,4.2679,3.2679,426.79
2026-03-09,4.3991,3.3991,439.90999999999997
2026-03-10,4.3619,3.3619000000000003,436.19000000000005
2026-03-11,4.2752,3.2752,427.52
2026-03-12,4.1958,3.1958,419.58000000000004
2026-03-15,4.2121,3.2121000000000004,421.21000000000004
2026-03-16,4.0704,3.0704000000000002,407.04
2026-03-17,4.1623,3.1623,416.23
2026-03-18,4.0455,3.0454999999999997,404.54999999999995
2026-03-19,4.0338,3.0338000000000003,403.38000000000005
2026-03-22,3.8617,2.8617,386.17
2026-03-23,3.965,2.965,396.5
2026-03-24,4.0494,3.0494000000000003,404.94000000000005
2026-03-25,3.9591,2.9591,395.90999999999997
2026-03-26,4.0381,3.0381,403.81
2026-03-29,4.1054,3.1054000000000004,410.54
2026-03-30,3.9423,2.9423,394.23
2026-03-31,4.0868,3.0868,408.68
2026-04-01,3.9437,2.9437,394.37
2026-04-02,3.9921,2.9921,399.21000000000004
2026-04-06,4.0351,3.0351,403.51
2026-04-07,4.3442,3.3442,434.41999999999996
2026-04-08,4.3736,3.3735999999999997,437.35999999999996
2026-04-09,4.4274,3.4273999999999996,442.73999999999995
2026-04-12,4.3977,3.3977000000000004,439.77000000000004
2026-04-13,4.5628,3.5628,456.28000000000003
2026-04-14,4.5352,3.5351999999999997,453.52
2026-04-15,4.587,3.5869999999999997,458.7
2026-04-16,4.6311,3.6311,463.11
2026-04-19,4.6766,3.6765999999999996,467.65999999999997
2026-04-20,4.6139,3.6139,461.39
2026-04-21,4.7386,3.7386,473.86
2026-04-22,4.6694,3.6694000000000004,466.94000000000005
2026-04-23,4.6424,3.6424000000000003,464.24
2026-04-26,4.8163,3.8163,481.63
2026-04-27,4.7938,3.7938,479.38
2026-04-28,4.8481,3.8480999999999996,484.80999999999995
2026-04-29,5.0238,4.0238,502.37999999999994
2026-05-05,5.0765,4.0765,507.65000000000003
2026-05-06,5.1641,4.1641,516.4100000000001
2026-05-07,5.0742,4.0742,507.42
2026-05-10,5.3111,4.3111,531.11
2026-05-11,5.4204,4.4204,542.04
2026-05-12,5.573,4.573,557.3000000000001
2026-05-13,5.4992,4.4992,549.92
2026-05-14,5.6346,4.6346,563.46
2026-05-17,5.6813,4.6813,568.13
2026-05-18,5.8432,4.8432,584.32
2026-05-19,6.1524,5.1524,615.24
2026-05-20,5.7743,4.7743,577.4300000000001
2026-05-21,5.9491,4.9491,594.91
2026-05-24,6.189,5.189,618.9
2026-05-25,6.0563,5.0563,605.63
2026-05-26,5.8835,4.8835,588.35
2026-05-27,6.0503,5.0503,605.03
2026-05-28,5.7292,4.7292,572.92
2026-05-31,5.5016,4.5016,550.16
2026-06-01,5.6438,4.6438,564.38
2026-06-02,5.7598,4.7598,575.98
2026-06-03,5.9409,4.9409,594.09
2026-06-04,5.735,4.735,573.5
2026-06-07,5.5415,4.5415,554.15
2026-06-08,5.9705,4.9705,597.0500000000001
2026-06-09,6.0221,5.0221,602.21
2026-06-10,6.2124,5.2124,621.24
2026-06-11,6.1986,5.1986,619.86
2026-06-14,6.4823,5.4823,648.23
2026-06-15,6.5763,5.5763,657.63
2026-06-16,6.8674,5.8674,686.74
2026-06-17,6.9615,5.9615,696.15
2026-06-21,7.0642,6.0642,706.42
2026-06-22,7.0993,6.0993,709.9300000000001
2026-06-23,7.5071,6.5071,750.71
2026-06-24,7.7903,6.7903,779.03
2026-06-25,7.9427,6.9427,794.27
2026-06-28,8.4261,7.4261,842.61
2026-06-29,8.7741,7.774100000000001,877.4100000000001
2026-06-30,8.7744,7.7744,877.44
2026-07-01,8.1814,7.1814,818.14
2026-07-02,8.1412,7.1411999999999995,814.12
2026-07-05,8.1695,7.169499999999999,816.9499999999999
2026-07-06,8.1653,7.1653,816.53
2026-07-07,8.1551,7.155099999999999,815.5099999999999
2026-07-08,8.248,7.247999999999999,824.8
2026-07-09,8.1062,7.106199999999999,810.6199999999999
2026-07-12,7.9415,6.9415,794.15
2026-07-13,8.0944,7.0944,809.44
2026-07-14,8.114,7.114000000000001,811.4000000000001
2026-07-15,8.0131,7.0131,801.31
2026-07-16,7.7031,6.7031,770.3100000000001
2026-07-19,7.8871,6.8871,788.71
2026-07-20,8.0634,7.0634,806.3399999999999
2026-07-21,8.144,7.144,814.4
2026-07-22,8.1587,7.1587,815.87
2026-07-23,7.9034,6.9034,790.34
2026-07-26,8.0006,7.0006,800.0600000000001
2026-07-27,7.918,6.918,791.8000000000001
2026-07-28,8.056,7.055999999999999,805.5999999999999
2026-07-29,7.9461,6.9461,794.61
2026-07-30,8.0689,7.068899999999999,806.8899999999999
2026-08-02,7.8703,6.8703,787.03
2026-08-03,8.0669,7.0669,806.69
2026-08-04,8.3643,7.3643,836.4300000000001
2026-08-05,8.4411,7.4411000000000005,844.11
2026-08-06,8.6711,7.671099999999999,867.1099999999999
2026-08-09,8.6581,7.658099999999999,865.81
2026-08-10,8.5163,7.516299999999999,851.6299999999999
2026-08-11,8.5204,7.5204,852.0400000000001
2026-08-12,8.4011,7.4011,840.1099999999999
2026-08-13,8.4843,7.484299999999999,848.43
2026-08-16,8.7235,7.7235,872.3499999999999
2026-08-17,8.7164,7.7164,871.64
2026-08-18,8.353,7.353,835.3
2026-08-19,8.3785,7.378500000000001,837.85
2026-08-20,8.3768,7.376799999999999,837.68
2026-08-23,8.2688,7.268800000000001,826.8800000000001
2026-08-24,8.2669,7.2669,826.6899999999999
2026-08-25,8.3515,7.3515,835.15
2026-08-26,8.4785,7.4785,847.85
2026-08-27,8.4401,7.440099999999999,844.0099999999999
2026-08-30,8.5065,7.506500000000001,850.6500000000001
2026-08-31,8.4437,7.4437,844.37
2026-09-01,8.3251,7.325100000000001,832.5100000000001
2026-09-02,8.3669,7.366899999999999,836.6899999999999
2026-09-03,8.2843,7.2843,828.43
2026-09-06,8.2293,7.2293,822.9300000000001
2026-09-07,8.2952,7.2951999999999995,829.52
2026-09-08,8.3772,7.3772,837.72
2026-09-09,8.2879,7.2879000000000005,828.7900000000001
2026-09-10,8.0943,7.0943000000000005,809.4300000000001
2026-09-13,8.1067,7.1067,810.67
2026-09-14,8.0624,7.0624,806.24
2026-09-15,8.1305,7.1305,813.05
2026-09-16,8.0699,7.0699000000000005,806.99
2026-09-17,8.1136,7.1136,811.36
2026-09-20,8.1924,7.192399999999999,819.2399999999999
2026-09-21,8.2026,7.2026,820.26
2026-09-22,8.155,7.154999999999999,815.4999999999999
2026-09-23,7.9869,6.9869,798.69
2026-09-27,7.8674,6.8674,786.74
2026-09-28,7.8755,6.8755,787.55
2026-09-29,7.9474,6.9474,794.74
2026-10-07,7.8559,6.8559,785.59
2026-10-08,7.8559,6.8559,785.59
