date,close,cum_return,nav
2019-03-21,55.14,0.0,100.0
2019-03-22,55.07,-0.0012694958287994274,99.87305041712006
2019-03-23,56.9,0.03191875226695684,103.19187522669569
2019-03-24,57.21,0.037540805223068574,103.75408052230685
2019-03-25,55.32,0.0032644178454841466,100.32644178454842
2019-03-26,54.49,-0.011788175553137492,98.82118244468626
2019-03-27,56.96,0.03300689154878489,103.30068915487848
2019-03-28,56.18,0.018861080885020032,101.886108088502
2019-03-29,57.14,0.036271309394269036,103.6271309394269
2019-03-30,57.1,0.035545883206383744,103.55458832063837
2019-03-31,58.65,0.06365614798694219,106.36561479869422
2019-04-01,62.7,0.13710554951033727,113.71055495103373
2019-04-02,69.6,0.26224156692056577,126.22415669205658
2019-04-03,69.55,0.261334784185709,126.1334784185709
2019-04-04,66.78,0.21109902067464636,121.10990206746463
2019-04-05,72.05,0.3066739209285454,130.66739209285453
2019-04-06,71.23,0.29180268407689525,129.18026840768954
2019-04-07,74.37,0.3487486398258979,134.8748639825898
2019-04-08,72.19,0.30921291258614425,130.92129125861442
2019-04-09,70.3,0.27493652520856005,127.493652520856
2019-04-10,71.75,0.30123322451940515,130.1233224519405
2019-04-11,69.61,0.26242292346753726,126.24229234675373
2019-04-12,70.94,0.28654334421472605,128.6543344214726
2019-04-13,69.08,0.25281102647805587,125.28110264780558
2019-04-14,69.6,0.26224156692056577,126.22415669205658
2019-04-15,67.45,0.22324990932172661,122.32499093217267
2019-04-16,68.98,0.2509974610083425,125.09974610083425
2019-04-17,70.09,0.2711280377221619,127.11280377221618
2019-04-18,70.26,0.27421109902067475,127.42110990206747
2019-04-19,69.23,0.2555313746826262,125.55313746826262
2019-04-20,69.35,0.2577076532462821,125.77076532462821
2019-04-21,67.91,0.23159231048240825,123.15923104824083
2019-04-22,68.76,0.24700761697497287,124.70076169749728
2019-04-23,66.45,0.2051142546245921,120.51142546245921
2019-04-24,65.26,0.18353282553500194,118.3532825535002
2019-04-25,61.89,0.12241566920565838,112.24156692056584
2019-04-26,61.88,0.12223431265868712,112.22343126586871
2019-04-27,61.55,0.1162495466086324,111.62495466086324
2019-04-28,60.6,0.09902067464635467,109.90206746463546
2019-04-29,57.89,0.04987305041712009,104.987305041712
2019-04-30,60.66,0.10010881392818272,110.01088139281828
2019-05-01,61.06,0.10736307580703675,110.73630758070368
2019-05-02,60.03,0.08868335146898798,108.8683351468988
2019-05-03,62.85,0.1398258977149076,113.98258977149077
2019-05-04,60.94,0.10518679724338043,110.51867972433804
2019-05-05,59.59,0.08070366340224888,108.0703663402249
2019-05-06,60.07,0.0894087776568735,108.94087776568735
2019-05-07,57.64,0.045339136742836406,104.53391367428364
2019-05-08,58.25,0.056401886108088384,105.64018861080883
2019-05-09,56.58,0.02611534276387384,102.61153427638739
2019-05-10,57.46,0.04207471889735226,104.20747188973523
2019-05-11,63.08,0.14399709829524832,114.39970982952484
2019-05-12,60.67,0.1002901704751542,110.02901704751542
2019-05-13,63.58,0.15306492564381569,115.30649256438157
2019-05-14,67.51,0.22433804860355466,122.43380486035547
2019-05-15,77.0,0.39644541167936165,139.64454116793615
2019-05-16,75.26,0.36488937250634756,136.48893725063476
2019-05-17,73.34,0.3300689154878491,133.00689154878492
2019-05-18,71.91,0.30413492927094654,130.41349292709467
2019-05-19,77.6,0.40732680449764214,140.73268044976422
2019-05-20,75.95,0.37740297424737035,137.74029742473704
2019-05-21,74.51,0.35128763148349673,135.12876314834966
2019-05-22,69.73,0.26459920203119336,126.45992020311934
2019-05-23,71.91,0.30413492927094654,130.41349292709467
2019-05-24,72.38,0.3126586869785999,131.26586869786
2019-05-25,72.3,0.3112078346028291,131.1207834602829
2019-05-26,75.32,0.3659775117881754,136.59775117881753
2019-05-27,76.22,0.38229960101559657,138.22996010155967
2019-05-28,85.12,0.5437069278200943,154.37069278200943
2019-05-29,85.08,0.5429815016322088,154.2981501632209
2019-05-30,82.99,0.5050779833151975,150.50779833151975
2019-05-31,90.2,0.635836053681538,163.5836053681538
2019-06-01,86.17,0.5627493652520856,156.27493652520857
2019-06-02,88.86,0.6115342763873775,161.15342763873775
2019-06-03,83.63,0.5166848023213637,151.66848023213637
2019-06-04,77.69,0.40895901342038443,140.89590134203846
2019-06-05,80.41,0.4582879941965905,145.82879941965905
2019-06-06,79.65,0.4445048966267684,144.45048966267683
2019-06-07,83.13,0.5076169749727963,150.76169749727964
2019-06-08,80.44,0.4588320638375045,145.88320638375046
2019-06-09,77.35,0.4027928908233587,140.27928908233588
2019-06-10,80.12,0.4530286543344215,145.30286543344215
2019-06-11,79.5,0.44178454842219805,144.1784548422198
2019-06-12,91.1,0.6521581429089589,165.21581429089588
2019-06-13,87.84,0.5930359085963004,159.30359085963005
2019-06-14,90.68,0.6445411679361626,164.45411679361627
2019-06-15,92.08,0.6699310845121509,166.99310845121508
2019-06-16,93.51,0.6958650707290535,169.58650707290533
2019-06-17,102.09,0.851468988030468,185.1468988030468
2019-06-18,111.95,1.0302865433442148,203.02865433442147
2019-06-19,110.66,1.0068915487849113,200.68915487849114
2019-06-20,109.39,0.9838592673195503,198.38592673195504
2019-06-21,109.75,0.9903881030105186,199.03881030105185
2019-06-22,113.51,1.058578164671745,205.8578164671745
2019-06-23,110.25,0.999455930359086,199.9455930359086
2019-06-24,109.19,0.9802321363801232,198.02321363801232
2019-06-25,105.57,0.9145810663764959,191.4581066376496
2019-06-26,114.12,1.069640914036997,206.96409140369968
2019-06-27,106.96,0.939789626405513,193.9789626405513
2019-06-28,111.97,1.0306492564381573,203.06492564381574
2019-06-29,113.89,1.0654697134566558,206.54697134566558
2019-06-30,103.3,0.8734131302140007,187.34131302140008
2019-07-01,103.72,0.8810301051867973,188.10301051867972
2019-07-02,101.54,0.8414943779470441,184.1494377947044
2019-07-03,105.82,0.9191149800507796,191.91149800507796
2019-07-04,100.87,0.8293434892999638,182.9343489299964
2019-07-05,99.99,0.8133841131664852,181.33841131664852
2019-07-06,103.76,0.8817555313746828,188.17555313746828
2019-07-07,106.45,0.9305404425099746,193.05404425099746
2019-07-08,105.03,0.9047878128400435,190.47878128400436
2019-07-09,100.73,0.826804497642365,182.6804497642365
2019-07-10,97.02,0.7595212187159956,175.95212187159956
2019-07-11,88.12,0.5981138919114981,159.8113891911498
2019-07-12,93.04,0.6873413130214001,168.73413130214
2019-07-13,89.84,0.6293072179905694,162.93072179905695
2019-07-14,82.29,0.49238302502720366,149.23830250272036
2019-07-15,80.37,0.4575625680087052,145.75625680087052
2019-07-16,67.05,0.21599564744287258,121.59956474428726
2019-07-17,73.79,0.3382299601015597,133.82299601015598
2019-07-18,79.04,0.4334421472615162,143.34421472615162
2019-07-19,75.55,0.37014871236851654,137.01487123685166
2019-07-20,77.71,0.40932172651432697,140.9321726514327
2019-07-21,75.37,0.3668842945230324,136.68842945230324
2019-07-22,72.99,0.32372143634385186,132.3721436343852
2019-07-23,70.59,0.280195865070729,128.01958650707292
2019-07-24,70.99,0.28745012694958283,128.7450126949583
2019-07-25,69.94,0.26840768951759153,126.84076895175916
2019-07-26,71.32,0.2934348929996371,129.34348929996372
2019-07-27,69.12,0.2535364526659414,125.35364526659414
2019-07-28,68.72,0.24628219078708735,124.62821907870874
2019-07-29,67.38,0.22198041349292708,122.19804134929271
2019-07-30,66.67,0.20910409865796153,120.91040986579615
2019-07-31,68.12,0.23540079796880664,123.54007979688066
2019-08-01,67.61,0.226151614073268,122.6151614073268
2019-08-02,66.41,0.20438882843670658,120.43888284367065
2019-08-03,65.15,0.1815379035183171,118.15379035183172
2019-08-04,65.73,0.19205658324265507,119.2056583242655
2019-08-05,66.71,0.20982952484584683,120.98295248458469
2019-08-06,62.47,0.13293434892999634,113.29343489299963
2019-08-07,62.18,0.12767500906782736,112.76750090678274
2019-08-08,62.38,0.13130214000725426,113.13021400072543
2019-08-09,58.77,0.06583242655059851,106.58324265505985
2019-08-10,56.71,0.028472977874501204,102.84729778745012
2019-08-11,59.91,0.08650707290533188,108.65070729053319
2019-08-12,56.85,0.03101196953210006,103.10119695321
2019-08-13,55.45,0.005622052956111734,100.56220529561118
2019-08-14,50.56,-0.08306129851287625,91.69387014871238
2019-08-15,50.57,-0.08287994196590498,91.7120058034095
2019-08-16,48.88,-0.11352919840406239,88.64708015959376
2019-08-17,50.01,-0.0930359085963004,90.69640914036997
2019-08-18,52.62,-0.04570184983677916,95.42981501632208
2019-08-19,54.3,-0.015233949945593128,98.47660500544069
2019-08-20,51.99,-0.0571273122959739,94.2872687704026
2019-08-21,49.79,-0.09702575262966995,90.29742473703301
2019-08-22,50.77,-0.07925281102647797,92.0747188973522
2019-08-23,50.85,-0.07780195865070727,92.21980413492928
2019-08-24,50.1,-0.09140369967355821,90.85963003264418
2019-08-25,50.15,-0.09049691693870154,90.95030830612984
2019-08-26,51.47,-0.06655785273848391,93.3442147261516
2019-08-27,50.5,-0.08414943779470441,91.58505622052957
2019-08-28,46.42,-0.1581429089590134,84.18570910409866
2019-08-29,44.98,-0.18425825172288723,81.57417482771127
2019-08-30,44.54,-0.19223793978962644,80.77620602103735
2019-08-31,44.6,-0.19114980050779828,80.88501994922017
2019-09-01,45.21,-0.1800870511425462,81.99129488574538
2019-09-02,46.82,-0.1508886470801596,84.91113529198404
2019-09-03,45.7,-0.17120058034095031,82.87994196590496
2019-09-04,44.83,-0.18697859992745747,81.30214000725425
2019-09-05,44.98,-0.18425825172288723,81.57417482771127
2019-09-06,45.86,-0.16829887558940881,83.17011244105912
2019-09-07,46.98,-0.1479869423286181,85.2013057671382
2019-09-08,48.28,-0.1244105912223431,87.55894087776569
2019-09-09,47.1,-0.14581066376496188,85.41893362350382
2019-09-10,44.93,-0.1851650344577439,81.48349655422561
2019-09-11,44.32,-0.196227783822996,80.3772216177004
2019-09-12,44.6,-0.19114980050779828,80.88501994922017
2019-09-13,44.65,-0.1902430177729416,80.97569822270584
2019-09-14,46.19,-0.16231410953935443,83.76858904606456
2019-09-15,46.63,-0.1543344214726151,84.56655785273848
2019-09-16,48.62,-0.11824446862531746,88.17555313746826
2019-09-17,50.64,-0.08161044613710555,91.83895538628944
2019-09-18,52.74,-0.043525571273122954,95.6474428726877
2019-09-19,51.14,-0.0725426187885383,92.74573812114618
2019-09-20,48.87,-0.11371055495103377,88.62894450489662
2019-09-21,47.7,-0.13492927094668117,86.50707290533188
2019-09-22,46.13,-0.16340224882118237,83.65977511788176
2019-09-23,44.09,-0.20039898440333692,79.96010155966631
2019-09-24,35.92,-0.3485672832789264,65.14327167210736
2019-09-25,37.91,-0.3124773304316286,68.75226695683713
2019-09-26,34.92,-0.3667029379760609,63.32970620239391
2019-09-27,37.47,-0.32045701849836783,67.95429815016321
2019-09-28,40.3,-0.26913311570547704,73.0866884294523
2019-09-29,37.74,-0.3155603917301414,68.44396082698586
2019-09-30,38.69,-0.29833151976786365,70.16684802321363
2019-10-01,38.18,-0.3075807036634023,69.24192963365977
2019-10-02,38.13,-0.30848748639825896,69.1512513601741
2019-10-03,37.23,-0.32480957562568014,67.51904243743199
2019-10-04,37.04,-0.32825535001813566,67.17446499818644
2019-10-05,36.85,-0.3317011244105912,66.82988755894088
2019-10-06,35.57,-0.3549147624229235,64.50852375770765
2019-10-07,37.4,-0.32172651432716726,67.82734856728328
2019-10-08,36.48,-0.3384113166485311,66.15886833514689
2019-10-09,37.99,-0.3110264780558578,68.89735219441422
2019-10-10,37.43,-0.32118244468625323,67.88175553137468
2019-10-11,36.07,-0.34584693507435615,65.41530649256438
2019-10-12,36.59,-0.33641639463184614,66.35836053681538
2019-10-13,36.9,-0.3307943416757345,66.92056583242655
2019-10-14,37.04,-0.32825535001813566,67.17446499818644
2019-10-15,36.82,-0.3322451940515052,66.77548059484948
2019-10-16,35.79,-0.35092491838955386,64.90750816104462
2019-10-17,36.13,-0.3447587957925281,65.5241204207472
2019-10-18,35.83,-0.35019949220166857,64.98005077983315
2019-10-19,35.89,-0.3491113529198404,65.08886470801596
2019-10-20,36.32,-0.3413130214000726,65.86869785999274
2019-10-21,36.7,-0.3344214726151613,66.55785273848387
2019-10-22,35.84,-0.3500181356546971,64.9981864345303
2019-10-23,32.91,-0.40315560391730143,59.684439608269855
2019-10-24,33.13,-0.39916575988393177,60.08342401160682
2019-10-25,37.11,-0.32698585418933623,67.30141458106638
2019-10-26,36.0,-0.3471164309031556,65.28835690968444
2019-10-27,37.32,-0.32317736670293795,67.6822633297062
2019-10-28,37.79,-0.3146536089952847,68.53463910047152
2019-10-29,39.21,-0.28890097932535364,71.10990206746463
2019-10-30,38.37,-0.30413492927094676,69.58650707290532
2019-10-31,37.53,-0.31936887921653967,68.06311207834604
2019-11-01,37.66,-0.3170112441059123,68.29887558940877
2019-11-02,37.62,-0.3177366702937977,68.22633297062023
2019-11-03,37.03,-0.32843670656510704,67.15632934348929
2019-11-04,37.77,-0.31501632208922736,68.49836779107726
2019-11-05,38.68,-0.29851287631483503,70.1487123685165
2019-11-06,38.82,-0.2959738846572362,70.40261153427639
2019-11-07,38.6,-0.2999637286906057,70.00362713093942
2019-11-08,36.43,-0.33931809938338775,66.06819006166123
2019-11-09,36.75,-0.33351468988030464,66.64853101196954
2019-11-10,37.58,-0.318462096481683,68.1537903518317
2019-11-11,36.63,-0.33569096844396074,66.43090315560393
2019-11-12,36.84,-0.33188248095756256,66.81175190424375
2019-11-13,36.84,-0.33188248095756256,66.81175190424375
2019-11-14,36.4,-0.3398621690243018,66.01378309756983
2019-11-15,36.13,-0.3447587957925281,65.5241204207472
2019-11-16,35.86,-0.34965542256075444,65.03445774392456
2019-11-17,35.78,-0.35110627493652524,64.88937250634747
2019-11-18,34.66,-0.37141820819731597,62.8581791802684
2019-11-19,33.99,-0.3835690968443961,61.643090315560386
2019-11-20,33.75,-0.3879216539717084,61.20783460282916
2019-11-21,31.37,-0.4310845121508886,56.89154878491114
2019-11-22,29.0,-0.47406601378309754,52.59339862169025
2019-11-23,29.54,-0.4642727602466449,53.572723975335514
2019-11-24,27.26,-0.5056220529561117,49.437794704388835
2019-11-25,27.22,-0.5063474791439971,49.36525208560029
2019-11-26,28.22,-0.4882118244468625,51.17881755531375
2019-11-27,28.45,-0.4840406238665216,51.59593761334784
2019-11-28,28.59,-0.4815016322089227,51.849836779107726
2019-11-29,29.33,-0.46808124773304316,53.191875226695686
2019-11-30,29.01,-0.47388465723612616,52.61153427638738
2019-12-01,27.93,-0.4934711643090316,50.65288356909684
2019-12-02,27.66,-0.4983677910772579,50.16322089227421
2019-12-03,27.3,-0.5048966267682263,49.51033732317737
2019-12-04,26.66,-0.5165034457743924,48.34965542256076
2019-12-05,30.17,-0.45284729778745014,54.71527022125498
2019-12-06,29.13,-0.47170837867247006,52.82916213275299
2019-12-07,29.5,-0.4649981864345303,53.500181356546975
2019-12-08,29.25,-0.46953210010881397,53.0467899891186
2019-12-09,30.93,-0.4390642002176278,56.093579978237216
2019-12-10,30.03,-0.455386289445049,54.4613710554951
2019-12-11,31.37,-0.4310845121508886,56.89154878491114
2019-12-12,31.83,-0.42274211099020675,57.725788900979325
2019-12-13,33.28,-0.39644541167936165,60.35545883206383
2019-12-14,32.11,-0.41766412767500904,58.2335872324991
2019-12-15,32.89,-0.4035183170112441,59.64816829887559
2019-12-16,29.52,-0.46463547334058763,53.53645266594123
2019-12-17,27.73,-0.4970982952484585,50.29017047515415
2019-12-18,29.3,-0.4686253173739572,53.13746826260428
2019-12-19,28.52,-0.48277112803772215,51.72288719622779
2019-12-20,28.36,-0.48567283278926365,51.43271672107363
2019-12-21,28.32,-0.48639825897714906,51.36017410228509
2019-12-22,29.09,-0.47243380486035547,52.75661951396445
2019-12-23,28.29,-0.4869423286180631,51.305767138193694
2019-12-24,28.06,-0.4911135291984041,50.888647080159586
2019-12-25,27.37,-0.5036271309394269,49.63728690605731
2019-12-26,27.61,-0.4992745738121146,50.07254261878854
2019-12-27,27.62,-0.4990932172651432,50.09067827348568
2019-12-28,28.16,-0.48929996372869056,51.070003627130944
2019-12-29,29.14,-0.4715270221254987,52.84729778745013
2019-12-30,28.35,-0.48585418933623503,51.4145810663765
2019-12-31,27.54,-0.500544069640914,49.945593035908594
2020-01-01,28.07,-0.49093217265143274,50.906782734856726
2020-01-02,27.02,-0.509974610083424,49.002538991657595
2020-01-03,28.41,-0.484766050054407,51.523394994559304
2020-01-04,29.91,-0.4575625680087051,54.24374319912949
2020-01-05,30.81,-0.44124047878128403,55.8759521218716
2020-01-06,32.86,-0.4040623866521582,59.593761334784176
2020-01-07,32.24,-0.41530649256438157,58.46935074356184
2020-01-08,30.88,-0.4399709829524846,56.00290170475154
2020-01-09,30.83,-0.4408777656873414,55.912223431265865
2020-01-10,33.69,-0.38900979325353646,61.099020674646354
2020-01-11,34.88,-0.3674283641639463,63.25716358360537
2020-01-12,35.52,-0.3558215451577802,64.41784548422198
2020-01-13,38.32,-0.30504171200580343,69.49582879941966
2020-01-14,43.83,-0.20511425462459199,79.4885745375408
2020-01-15,54.97,-0.003083061298512879,99.69169387014871
2020-01-16,50.8,-0.07870874138556405,92.1291258614436
2020-01-17,61.54,0.11606819006166114,111.60681900616612
2020-01-18,51.16,-0.07217990569459565,92.78200943054044
2020-01-19,51.56,-0.06492564381574173,93.50743561842583
2020-01-20,53.68,-0.026478055857816485,97.35219441421835
2020-01-21,53.26,-0.03409503083061305,96.59049691693869
2020-01-22,52.21,-0.05313746826260424,94.68625317373957
2020-01-23,49.6,-0.10047152702212547,89.95284729778746
2020-01-24,48.82,-0.11461733768589044,88.53826623141096
2020-01-25,48.72,-0.1164309031556039,88.35690968443961
2020-01-26,53.65,-0.02702212549873051,97.29778745012695
2020-01-27,55.18,0.0007254261878852919,100.07254261878853
2020-01-28,56.74,0.02901704751541523,102.90170475154153
2020-01-29,61.74,0.11969532100108826,111.96953210010882
2020-01-30,66.3,0.20239390642002175,120.23939064200218
2020-01-31,66.51,0.20620239390642014,120.62023939064201
2020-02-01,66.03,0.19749727965179553,119.74972796517956
2020-02-02,66.36,0.2034820457018498,120.34820457018498
2020-02-03,65.52,0.18824809575625667,118.82480957562566
2020-02-04,64.34,0.166848023213638,116.6848023213638
2020-02-05,71.19,0.29107725788900973,129.10772578890098
2020-02-06,70.14,0.27203482045701843,127.20348204570185
2020-02-07,68.38,0.2401160681900616,124.01160681900616
2020-02-08,70.02,0.26985854189336234,126.98585418933624
2020-02-09,71.33,0.2936162495466086,129.36162495466087
2020-02-10,69.77,0.26532462821907865,126.53246282190787
2020-02-11,72.68,0.31809938338774035,131.80993833877403
2020-02-12,73.12,0.3260790714544797,132.60790714544797
2020-02-13,72.01,0.3059484947406603,130.59484947406602
2020-02-14,72.92,0.32245194051505255,132.24519405150525
2020-02-15,64.46,0.1690243017772941,116.90243017772941
2020-02-16,60.0,0.08813928182807396,108.8139281828074
2020-02-17,64.2,0.16430903155603915,116.43090315560391
2020-02-18,65.74,0.19223793978962633,119.22379397896263
2020-02-19,62.1,0.12622415669205655,112.62241566920565
2020-02-20,60.79,0.1024664490388103,110.24664490388103
2020-02-21,61.56,0.1164309031556039,111.64309031556039
2020-02-22,60.73,0.10137830975698225,110.13783097569822
2020-02-23,63.32,0.14834965542256073,114.83496554225607
2020-02-24,60.7,0.10083424011606823,110.08342401160682
2020-02-25,57.06,0.03482045701849845,103.48204570184984
2020-02-26,51.33,-0.06909684439608277,93.09031556039173
2020-02-27,52.96,-0.039535727239753404,96.04642727602466
2020-02-28,50.83,-0.07816467174465003,92.183532825535
2020-02-29,48.96,-0.11207834602829159,88.79216539717085
2020-03-01,49.1,-0.10953935437069273,89.04606456293072
2020-03-02,52.33,-0.05096118969894814,94.90388103010518
2020-03-03,50.78,-0.0790714544795067,92.09285455204933
2020-03-04,50.17,-0.09013420384475879,90.98657961552412
2020-03-05,51.84,-0.05984766050054402,94.0152339499456
2020-03-06,53.3,-0.033369604642727646,96.66303953572724
2020-03-07,50.59,-0.08251722887196222,91.74827711280378
2020-03-08,42.83,-0.2232499093217265,77.67500906782735
2020-03-09,42.18,-0.235038084874864,76.4961915125136
2020-03-10,41.4,-0.24918389553862896,75.0816104461371
2020-03-11,40.24,-0.270221254987305,72.9778745012695
2020-03-12,25.45,-0.5384475879579254,46.15524120420747
2020-03-13,27.34,-0.5041712005803409,49.5828799419659
2020-03-14,24.95,-0.5475154153064925,45.248458469350744
2020-03-15,25.68,-0.5342763873775843,46.57236126224157
2020-03-16,24.68,-0.552412042074719,44.75879579252811
2020-03-17,25.06,-0.5455204932898078,45.44795067101922
2020-03-18,29.73,-0.46082698585418935,53.91730141458106
2020-03-19,31.95,-0.42056583242655066,57.943416757344934
2020-03-20,33.08,-0.40007254261878855,59.992745738121144
2020-03-21,33.03,-0.4009793253536452,59.90206746463548
2020-03-22,29.49,-0.46517954298150166,53.482045701849835
2020-03-23,32.05,-0.4187522669568372,58.12477330431628
2020-03-24,32.79,-0.40533188248095764,59.46681175190424
2020-03-25,32.2,-0.41603191875226686,58.396808124773315
2020-03-26,32.46,-0.4113166485310119,58.86833514689881
2020-03-27,31.01,-0.437613347841857,56.2386652158143
2020-03-28,30.38,-0.44903881030105186,55.09611896989482
2020-03-29,28.22,-0.4882118244468625,51.17881755531375
2020-03-30,30.54,-0.44613710554951036,55.386289445048966
2020-03-31,30.9,-0.43960826985854196,56.0391730141458
2020-04-01,31.32,-0.4319912948857454,56.80087051142546
2020-04-02,32.23,-0.41548784911135295,58.45121508886471
2020-04-03,32.66,-0.4076895175915851,59.23104824084149
2020-04-04,33.03,-0.4009793253536452,59.90206746463548
2020-04-05,32.52,-0.41022850924918386,58.97714907508161
2020-04-06,37.56,-0.31882480957562565,68.11751904243744
2020-04-07,36.45,-0.338955386289445,66.1044613710555
2020-04-08,37.86,-0.3133841131664853,68.66158868335147
2020-04-09,40.71,-0.26169749727965175,73.83025027203483
2020-04-10,36.62,-0.3358723249909322,66.41276750090678
2020-04-11,36.2,-0.3434892999637287,65.65107000362713
2020-04-12,36.38,-0.3402248821182444,65.97751178817556
2020-04-13,35.75,-0.35165034457743927,64.83496554225607
2020-04-14,35.51,-0.3560029017047516,64.39970982952484
2020-04-15,35.08,-0.3638012332245194,63.619876677548056
2020-04-16,38.74,-0.29742473703300687,70.25752629669931
2020-04-17,40.4,-0.2673195502357636,73.26804497642364
2020-04-18,42.13,-0.23594486760972067,76.40551323902794
2020-04-19,46.44,-0.15778019586507075,84.22198041349293
2020-04-20,41.89,-0.24029742473703297,75.9702575262967
2020-04-21,42.09,-0.23667029379760607,76.3329706202394
2020-04-22,45.53,-0.1742836416394632,82.57163583605369
2020-04-23,44.46,-0.19368879216539714,80.63112078346029
2020-04-24,44.08,-0.2005803409503083,79.94196590496917
2020-04-25,44.7,-0.18933623503808483,81.06637649619152
2020-04-26,44.59,-0.19133115705476966,80.86688429452303
2020-04-27,44.46,-0.19368879216539714,80.63112078346029
2020-04-28,44.62,-0.19078708741385575,80.92129125861443
2020-04-29,47.07,-0.1463547334058759,85.3645266594124
2020-04-30,44.76,-0.1882480957562569,81.1751904243743
2020-05-01,45.73,-0.1706565107000363,82.93434892999637
2020-05-02,46.5,-0.1566920565832427,84.33079434167573
2020-05-03,44.78,-0.18788538266231414,81.21146173376859
2020-05-04,44.02,-0.20166848023213635,79.83315197678637
2020-05-05,43.84,-0.2049328980776205,79.50671019223795
2020-05-06,42.3,-0.2328618063112079,76.71381936887921
2020-05-07,44.17,-0.19894813202756623,80.10518679724338
2020-05-08,46.76,-0.15197678636198775,84.80232136380123
2020-05-09,45.0,-0.18389553862894448,81.61044613710555
2020-05-10,40.9,-0.2582517228871962,74.17482771128037
2020-05-11,39.68,-0.2803772216177004,71.96227783822997
2020-05-12,42.21,-0.23449401523394997,76.550598476605
2020-05-13,42.89,-0.22216177003989845,77.78382299601016
2020-05-14,43.2,-0.21653971708378672,78.34602829162132
2020-05-15,41.87,-0.24066013783097573,75.93398621690243
2020-05-16,42.51,-0.22905331882480962,77.09466811751903
2020-05-17,46.25,-0.16122597025752627,83.87740297424737
2020-05-18,48.07,-0.12821907870874139,87.17809212912586
2020-05-19,48.97,-0.11189698948132032,88.81030105186797
2020-05-20,48.39,-0.12241566920565827,87.75843307943417
2020-05-21,46.0,-0.16575988393180996,83.42401160681901
2020-05-22,47.7,-0.13492927094668117,86.50707290533188
2020-05-23,46.91,-0.14925643815741751,85.07435618425825
2020-05-24,45.0,-0.18389553862894448,81.61044613710555
2020-05-25,45.94,-0.166848023213638,83.3151976786362
2020-05-26,44.85,-0.1866158868335147,81.33841131664853
2020-05-27,46.21,-0.16195139644541168,83.80486035545883
2020-05-28,47.73,-0.13438520130576725,86.56147986942328
2020-05-29,46.6,-0.15487849111352914,84.51215088864708
2020-05-30,54.55,-0.010700036271309443,98.92999637286906
2020-05-31,51.51,-0.06583242655059851,93.41675734494015
2020-06-01,54.65,-0.008886470801595991,99.1113529198404
2020-06-02,51.48,-0.06637649619151254,93.36235038084875
2020-06-03,52.83,-0.04189336235038088,95.81066376496192
2020-06-04,52.24,-0.05259339862169021,94.74066013783099
2020-06-05,52.57,-0.04660863257163583,95.33913674283642
2020-06-06,52.83,-0.04189336235038088,95.81066376496192
2020-06-07,52.21,-0.05313746826260424,94.68625317373957
2020-06-08,52.5,-0.04787812840043526,95.21218715995647
2020-06-09,51.98,-0.057308668842945276,94.26913311570547
2020-06-10,55.21,0.0012694958287993163,100.12694958287993
2020-06-11,49.64,-0.09974610083424007,90.02538991657599
2020-06-12,51.61,-0.06401886108088506,93.5981138919115
2020-06-13,52.81,-0.042256075444323526,95.77439245556765
2020-06-14,51.1,-0.07326804497642359,92.67319550235764
2020-06-15,52.2,-0.053318824809575616,94.66811751904244
2020-06-16,52.97,-0.039354370692782026,96.06456293072179
2020-06-17,52.91,-0.040442509974610186,95.95574900253898
2020-06-18,51.95,-0.05785273848385919,94.21472615161409
2020-06-19,51.41,-0.06764599202031196,93.23540079796881
2020-06-20,51.4,-0.06782734856728334,93.21726514327166
2020-06-21,50.51,-0.08396808124773314,91.60319187522668
2020-06-22,53.53,-0.029198404062386607,97.08015959376134
2020-06-23,58.23,0.05603917301414585,105.60391730141458
2020-06-24,55.2,0.0010881392818280489,100.1088139281828
2020-06-25,55.81,0.012150888647080249,101.21508886470802
2020-06-26,55.7,0.010155966630395419,101.01559666303955
2020-06-27,52.24,-0.05259339862169021,94.74066013783099
2020-06-28,51.81,-0.060391730141458044,93.9608269858542
2020-06-29,52.42,-0.049328980776205955,95.06710192237941
2020-06-30,51.44,-0.06710192237939794,93.2898077620602
2020-07-01,51.86,-0.059484947406601374,94.05150525933986
2020-07-02,51.18,-0.07181719260065289,92.8182807399347
2020-07-03,51.11,-0.07308668842945232,92.69133115705476
2020-07-04,51.43,-0.0672832789263692,93.27167210736307
2020-07-05,51.16,-0.07217990569459565,92.78200943054044
2020-07-06,55.55,0.007435618425825075,100.74356184258251
2020-07-07,55.08,-0.0010881392818281599,99.89118607181719
2020-07-08,57.94,0.05077983315197665,105.07798331519767
2020-07-09,56.86,0.031193326079071326,103.11933260790713
2020-07-10,56.07,0.0168661588683352,101.68661588683352
2020-07-11,55.84,0.012694958287994274,101.26949582879942
2020-07-12,58.65,0.06365614798694219,106.36561479869422
2020-07-13,61.26,0.11099020674646343,111.09902067464634
2020-07-14,62.02,0.12477330431628597,112.4773304316286
2020-07-15,61.14,0.10881392818280733,110.88139281828073
2020-07-16,59.1,0.071817192600653,107.18171926006531
2020-07-17,59.5,0.07907145447950681,107.90714544795068
2020-07-18,59.06,0.07109176641276749,107.10917664127675
2020-07-19,58.38,0.05875952121871597,105.87595212187159
2020-07-20,57.05,0.03463910047152696,103.4639100471527
2020-07-21,62.45,0.1325716358360538,113.25716358360538
2020-07-22,64.28,0.16575988393180996,116.57598839318099
2020-07-23,63.51,0.15179542981501637,115.17954298150164
2020-07-24,63.01,0.142727602466449,114.2727602466449
2020-07-25,65.69,0.19133115705476955,119.13311570547695
2020-07-26,66.15,0.19967355821545163,119.96735582154517
2020-07-27,70.77,0.28346028291621317,128.3460282916213
2020-07-28,70.57,0.27983315197678627,127.98331519767862
2020-07-29,72.13,0.3081247733043162,130.81247733043162
2020-07-30,70.48,0.2782009430540444,127.82009430540444
2020-07-31,74.9,0.35836053681537905,135.83605368153792
2020-08-01,89.37,0.6207834602829163,162.07834602829163
2020-08-02,84.31,0.5290170475154152,152.90170475154153
2020-08-03,82.3,0.4925643815741747,149.25643815741748
2020-08-04,84.93,0.5402611534276389,154.0261153427639
2020-08-05,97.46,0.7675009067827347,176.75009067827347
2020-08-06,96.75,0.7546245919477692,175.46245919477693
2020-08-07,94.42,0.7123685165034457,171.23685165034456
2020-08-08,97.08,0.7606093579978237,176.06093579978236
2020-08-09,92.01,0.6686615886833516,166.86615886833516
2020-08-10,89.01,0.6142546245919478,161.4254624591948
2020-08-11,80.88,0.4668117519042436,146.68117519042437
2020-08-12,83.52,0.5146898803046789,151.4689880304679
2020-08-13,87.4,0.5850562205295613,158.50562205295614
2020-08-14,85.03,0.5420747188973523,154.20747188973522
2020-08-15,85.12,0.5437069278200943,154.37069278200943
2020-08-16,85.3,0.5469713456655785,154.69713456655785
2020-08-17,86.74,0.5730866884294521,157.30866884294522
2020-08-18,83.14,0.5077983315197678,150.7798331519768
2020-08-19,76.3,0.3837504533913674,138.37504533913673
2020-08-20,78.87,0.4303590859630033,143.03590859630035
2020-08-21,73.56,0.3340587595212188,133.40587595212187
2020-08-22,76.88,0.39426913311570533,139.42691331157053
2020-08-23,84.36,0.529923830250272,152.9923830250272
2020-08-24,80.26,0.4555676459920204,145.55676459920204
2020-08-25,72.93,0.32263329706202404,132.2633297062024
2020-08-26,75.0,0.3601741022850924,136.01741022850925
2020-08-27,72.13,0.3081247733043162,130.81247733043162
2020-08-28,76.24,0.3826623141095393,138.26623141095394
2020-08-29,78.68,0.4269133115705479,142.69133115705478
2020-08-30,81.11,0.47098295248458477,147.09829524845847
2020-08-31,78.29,0.41984040623866536,141.98404062386655
2020-09-01,83.17,0.5083424011606819,150.83424011606817
2020-09-02,75.9,0.3764961915125138,137.6496191512514
2020-09-03,56.77,0.029561117156329475,102.95611171563294
2020-09-04,59.64,0.08161044613710544,108.16104461371054
2020-09-05,55.98,0.015233949945592906,101.5233949945593
2020-09-06,58.92,0.06855277475516863,106.85527747551686
2020-09-07,61.86,0.12187159956474436,112.18715995647443
2020-09-08,58.69,0.0643815741748277,106.43815741748277
2020-09-09,59.92,0.08668842945230315,108.66884294523031
2020-09-10,62.07,0.12568008705114253,112.56800870511425
2020-09-11,63.32,0.14834965542256073,114.83496554225607
2020-09-12,65.68,0.1911498005077985,119.11498005077985
2020-09-13,62.54,0.13420384475879588,113.42038447587959
2020-09-14,63.28,0.14762422923467544,114.76242292346754
2020-09-15,59.4,0.07725788900979325,107.72578890097932
2020-09-16,58.34,0.05803409503083068,105.80340950308307
2020-09-17,59.65,0.08179180268407693,108.17918026840769
2020-09-18,57.9,0.05005440696409136,105.00544069640914
2020-09-19,57.97,0.051323902792890896,105.13239027928908
2020-09-20,57.6,0.044613710554951114,104.4613710554951
2020-09-21,51.63,-0.0636561479869423,93.63438520130578
2020-09-22,53.31,-0.03318824809575627,96.68117519042437
2020-09-23,51.84,-0.05984766050054402,94.0152339499456
2020-09-24,55.16,0.0003627130939425349,100.03627130939425
2020-09-25,54.87,-0.004896626768226442,99.51033732317735
2020-09-26,56.2,0.01922379397896279,101.92237939789628
2020-09-27,55.55,0.007435618425825075,100.74356184258251
2020-09-28,56.22,0.019586507072905324,101.95865070729053
2020-09-29,61.25,0.11080885019949216,111.08088501994922
2020-09-30,64.1,0.1624954660863256,116.24954660863256
2020-10-01,64.67,0.1728327892636925,117.28327892636925
2020-10-02,63.85,0.15796155241204213,115.79615524120422
2020-10-03,60.73,0.10137830975698225,110.13783097569822
2020-10-04,63.12,0.14472252448313383,114.47225244831338
2020-10-05,65.76,0.1926006528835691,119.26006528835691
2020-10-06,61.48,0.11498005077983309,111.49800507798331
2020-10-07,61.48,0.11498005077983309,111.49800507798331
2020-10-08,61.99,0.12422923467537172,112.42292346753717
2020-10-09,63.52,0.15197678636198764,115.19767863619876
2020-10-10,66.79,0.21128037722161785,121.12803772216179
2020-10-11,72.46,0.31410953935437047,131.41095393543705
2020-10-12,72.93,0.32263329706202404,132.2633297062024
2020-10-13,70.07,0.2707653246282189,127.07653246282189
2020-10-14,68.75,0.24682626042800138,124.68262604280014
2020-10-15,68.24,0.23757707653246274,123.75770765324627
2020-10-16,62.59,0.13511062749365266,113.51106274936527
2020-10-17,62.99,0.14236488937250646,114.23648893725064
2020-10-18,64.42,0.16829887558940881,116.82988755894088
2020-10-19,64.08,0.16213275299238306,116.2132752992383
2020-10-20,57.85,0.0491476242292348,104.91476242292347
2020-10-21,62.72,0.13746826260428002,113.74682626042801
2020-10-22,65.54,0.18861080885019965,118.86108088501996
2020-10-23,63.26,0.14726151614073268,114.72615161407327
2020-10-24,64.14,0.1632208922742111,116.32208922742112
2020-10-25,62.77,0.1383750453391368,113.83750453391369
2020-10-26,60.2,0.09176641276750086,109.17664127675009
2020-10-27,61.2,0.1099020674646356,110.99020674646356
2020-10-28,56.8,0.030105186797243277,103.01051867972433
2020-10-29,56.87,0.031374682626042816,103.13746826260429
2020-10-30,58.21,0.05567645992020309,105.5676459920203
2020-10-31,58.16,0.05476967718534631,105.47696771853464
2020-11-01,58.17,0.0549510337323178,105.49510337323179
2020-11-02,54.77,-0.006710192237939783,99.32898077620602
2020-11-03,53.2,-0.03518317011244099,96.4816829887559
2020-11-04,54.09,-0.019042437431991188,98.09575625680088
2020-11-05,56.69,0.028110264780558447,102.81102647805585
2020-11-06,61.57,0.11661225970257516,111.66122597025752
2020-11-07,57.4,0.04098657961552399,104.0986579615524
2020-11-08,60.61,0.09920203119332616,109.92020311933261
2020-11-09,58.42,0.059484947406601485,105.94849474066015
2020-11-10,59.06,0.07109176641276749,107.10917664127675
2020-11-11,58.92,0.06855277475516863,106.85527747551686
2020-11-12,62.99,0.14236488937250646,114.23648893725064
2020-11-13,65.8,0.19332607907145438,119.33260790714544
2020-11-14,63.9,0.1588683351468987,115.88683351468987
2020-11-15,61.16,0.10917664127675009,110.91766412767501
2020-11-16,64.55,0.17065651070003618,117.06565107000361
2020-11-17,66.82,0.21182444686253166,121.18244468625316
2020-11-18,63.17,0.1456293072179906,114.56293072179906
2020-11-19,62.38,0.13130214000725426,113.13021400072543
2020-11-20,63.23,0.14671744649981866,114.67174464998186
2020-11-21,72.62,0.3170112441059123,131.70112441059123
2020-11-22,68.79,0.2475516866158869,124.75516866158868
2020-11-23,79.52,0.4421472615161406,144.21472615161406
2020-11-24,86.8,0.5741748277112804,157.41748277112805
2020-11-25,78.15,0.4173014145810665,141.73014145810666
2020-11-26,70.16,0.2723975335509612,127.23975335509611
2020-11-27,69.5,0.26042800145085243,126.04280014508524
2020-11-28,75.31,0.3657961552412041,136.5796155241204
2020-11-29,75.06,0.36126224156692066,136.12622415669207
2020-11-30,78.91,0.4310845121508886,143.10845121508885
2020-12-01,74.82,0.356909684439608,135.6909684439608
2020-12-02,76.66,0.3902792890823359,139.02792890823358
2020-12-03,75.69,0.3726877040261154,137.26877040261155
2020-12-04,69.01,0.25154153064925655,125.15415306492565
2020-12-05,71.83,0.30268407689517596,130.2684076895176
2020-12-06,74.61,0.3531011969532101,135.31011969532102
2020-12-07,75.57,0.3705114254624591,137.0511425462459
2020-12-08,69.61,0.26242292346753726,126.24229234675373
2020-12-09,69.38,0.2582517228871961,125.82517228871961
2020-12-10,65.96,0.196227783822996,119.6227783822996
2020-12-11,63.71,0.15542256075444327,115.54225607544433
2020-12-12,65.95,0.19604642727602473,119.60464272760247
2020-12-13,68.25,0.23775843307943423,123.77584330794342
2020-12-14,68.0,0.23322451940515054,123.32245194051505
2020-12-15,67.63,0.22651432716721054,122.65143271672105
2020-12-16,73.21,0.3277112803772215,132.77112803772215
2020-12-17,74.28,0.3471164309031556,134.71164309031556
2020-12-18,73.89,0.34004352557127304,134.0043525571273
2020-12-19,73.5,0.3329706202393907,133.29706202393908
2020-12-20,73.69,0.33641639463184614,133.64163946318462
2020-12-21,67.77,0.2290533188248094,122.90533188248094
2020-12-22,67.64,0.22669568371418203,122.66956837141821
2020-12-23,55.42,0.005077983315197709,100.50779833151977
2020-12-24,62.1,0.12622415669205655,112.62241566920565
2020-12-25,64.27,0.16557852738483847,116.55785273848385
2020-12-26,66.56,0.2071091766412767,120.71091766412766
2020-12-27,66.97,0.21454479506710178,121.45447950671017
2020-12-28,69.04,0.2520856002901706,125.20856002901706
2020-12-29,65.33,0.18480232136380126,118.48023213638012
2020-12-30,64.09,0.16231410953935432,116.23141095393544
2020-12-31,63.91,0.15904969169387018,115.90496916938702
2021-01-01,56.6,0.026478055857816374,102.64780558578164
2021-01-02,57.46,0.04207471889735226,104.20747188973523
2021-01-03,59.35,0.07635110627493646,107.63511062749365
2021-01-04,60.34,0.09430540442509971,109.43054044250997
2021-01-05,59.64,0.08161044613710544,108.16104461371054
2021-01-06,63.92,0.15923104824084144,115.92310482408415
2021-01-07,67.75,0.22869060573086686,122.86906057308668
2021-01-08,68.59,0.24392455567646,124.392455567646
2021-01-09,78.44,0.42256075444323526,142.25607544432353
2021-01-10,96.37,0.7477330431628582,174.77330431628582
2021-01-11,88.24,0.600290170475154,160.0290170475154
2021-01-12,99.72,0.808487486398259,180.84874863982589
2021-01-13,117.35,1.1282190787087414,212.82190787087413
2021-01-14,111.71,1.0259339862169021,202.5933986216902
2021-01-15,103.25,0.8725063474791439,187.2506347479144
2021-01-16,108.08,0.9601015596663038,196.01015596663038
2021-01-17,102.25,0.8543706927820094,185.43706927820094
2021-01-18,103.98,0.8857453754080522,188.5745375408052
2021-01-19,102.42,0.8574537540805223,185.74537540805224
2021-01-20,98.99,0.7952484584693507,179.52484584693508
2021-01-21,82.92,0.5038084874863982,150.3808487486398
2021-01-22,86.94,0.5767138193688792,157.6713819368879
2021-01-23,85.95,0.558759521218716,155.8759521218716
2021-01-24,90.0,0.632208922742111,163.2208922742111
2021-01-25,87.89,0.593942691331157,159.3942691331157
2021-01-26,89.26,0.6187885382662315,161.87885382662316
2021-01-27,78.41,0.42201668480232124,142.20166848023212
2021-01-28,86.82,0.5745375408052229,157.4537540805223
2021-01-29,85.49,0.5504171200580339,155.0417120058034
2021-01-30,84.51,0.5326441784548424,153.26441784548425
2021-01-31,85.65,0.5533188248095757,155.33188248095757
2021-02-01,88.69,0.6084512150888646,160.84512150888645
2021-02-02,92.37,0.6751904243743201,167.519042437432
2021-02-03,95.23,0.7270583968081248,172.7058396808125
2021-02-04,90.0,0.632208922742111,163.2208922742111
2021-02-05,96.44,0.7490025389916575,174.90025389916576
2021-02-06,94.24,0.7091040986579615,170.91040986579614
2021-02-07,92.3,0.6739209285455203,167.39209285455203
2021-02-08,98.01,0.7774755168661589,177.74755168661588
2021-02-09,108.77,0.9726151614073266,197.26151614073265
2021-02-10,116.41,1.1111715632934347,211.11715632934346
2021-02-11,142.34,1.5814290895901344,258.1429089590134
2021-02-12,142.79,1.5895901342038448,258.95901342038445
2021-02-13,176.11,2.1938701487123686,319.3870148712369
2021-02-14,156.33,1.835146898803047,283.51468988030473
2021-02-15,158.61,1.8764961915125138,287.6496191512514
2021-02-16,155.68,1.8233587232499096,282.33587232499093
2021-02-17,168.37,2.053500181356547,305.35001813565475
2021-02-18,169.25,2.0694595574900254,306.94595574900256
2021-02-19,180.19,2.2678636198766773,326.7863619876677
2021-02-20,164.09,1.975879579252811,297.5879579252811
2021-02-21,161.87,1.9356184258251723,293.5618425825172
2021-02-22,144.39,1.61860718171926,261.860718171926
2021-02-23,127.13,1.3055857816467173,230.55857816467173
2021-02-24,130.96,1.3750453391367428,237.50453391367427
2021-02-25,121.25,1.1989481320275663,219.89481320275664
2021-02-26,118.23,1.14417845484222,214.417845484222
2021-02-27,119.78,1.1722887196227783,217.22887196227782
2021-02-28,111.31,1.0186797243380488,201.86797243380488
2021-03-01,124.4,1.2560754443235402,225.60754443235402
2021-03-02,120.51,1.1855277475516868,218.55277475516868
2021-03-03,126.69,1.297606093579978,229.7606093579978
2021-03-04,122.03,1.213093942691331,221.3093942691331
2021-03-05,121.12,1.1965904969169388,219.65904969169387
2021-03-06,125.19,1.2704026115342764,227.04026115342765
2021-03-07,130.08,1.3590859630032646,235.90859630032645
2021-03-08,129.55,1.3494740660137832,234.9474066013783
2021-03-09,137.69,1.4970982952484584,249.70982952484584
2021-03-10,139.82,1.535727239753355,253.5727239753355
2021-03-11,151.86,1.7540805223068556,275.40805223068554
2021-03-12,145.36,1.6361987667754807,263.61987667754806
2021-03-13,156.12,1.8313384113166484,283.13384113166484
2021-03-14,143.18,1.5966630395357275,259.66630395357276
2021-03-15,135.1,1.45012694958288,245.012694958288
2021-03-16,139.41,1.5282916213275297,252.82916213275297
2021-03-17,146.02,1.6481682988755897,264.816829887559
2021-03-18,142.97,1.592854552049329,259.2854552049329
2021-03-19,150.31,1.7259702575262965,272.59702575262963
2021-03-20,155.03,1.811570547696772,281.1570547696772
2021-03-21,148.18,1.6873413130214003,268.73413130214004
2021-03-22,139.53,1.5304678998911863,253.04678998911862
2021-03-23,136.02,1.466811751904244,246.6811751904244
2021-03-24,127.67,1.3153790351831702,231.53790351831702
2021-03-25,123.02,1.2310482408414942,223.1048240841494
2021-03-26,133.46,1.4203844758795792,242.0384475879579
2021-03-27,133.62,1.4232861806311208,242.3286180631121
2021-03-28,144.87,1.6273122959738848,262.7312295973885
2021-03-29,149.18,1.7054769677185346,270.54769677185345
2021-03-30,154.6,1.8037722161770038,280.3772216177004
2021-03-31,158.22,1.869423286180631,286.94232861806313
2021-04-01,165.53,2.0019949220166846,300.1994922016685
2021-04-02,169.52,2.074356184258252,307.4356184258252
2021-04-03,171.61,2.112259702575263,311.22597025752634
2021-04-04,187.14,2.3939064200217626,339.39064200217626
2021-04-05,197.13,2.575081610446137,357.5081610446137
2021-04-06,191.11,2.465904969169387,346.5904969169387
2021-04-07,171.26,2.1059122234312655,310.59122234312656
2021-04-08,184.74,2.35038084874864,335.038084874864
2021-04-09,194.65,2.5301051867972433,353.0105186797243
2021-04-10,206.15,2.738665215814291,373.8665215814291
2021-04-11,222.31,3.0317373957199854,403.1737395719985
2021-04-12,221.39,3.0150525933986216,401.50525933986216
2021-04-13,225.98,3.098295248458469,409.8295248458469
2021-04-14,237.5,3.30721799056946,430.721799056946
2021-04-15,252.27,3.575081610446137,457.5081610446137
2021-04-16,270.03,3.8971708378672467,489.7170837867247
2021-04-17,279.95,4.077076532462821,507.7076532462821
2021-04-18,260.05,3.716177003989844,471.6177003989844
2021-04-19,225.55,3.0904969169387018,409.04969169387016
2021-04-20,249.64,3.527384838592673,452.7384838592673
2021-04-21,237.29,3.303409503083061,430.3409503083061
2021-04-22,223.91,3.0607544432354006,406.07544432354007
2021-04-23,220.31,2.9954660863257163,399.54660863257163
2021-04-24,198.46,2.599202031193326,359.9202031193326
2021-04-25,202.31,2.669024301777294,366.9024301777294
2021-04-26,227.09,3.118425825172289,411.8425825172289
2021-04-27,241.89,3.3868335146898803,438.683351468988
2021-04-28,240.65,3.3643453028654333,436.43453028654335
2021-04-29,229.42,3.160681900616612,416.0681900616612
2021-04-30,245.37,3.449945593035909,444.9945593035909
2021-05-01,257.4,3.668117519042437,466.8117519042437
2021-05-02,243.3,3.4124047878128403,441.240478781284
2021-05-03,250.48,3.542618788538266,454.2618788538266
2021-05-04,241.0,3.3706927820094306,437.0692782009431
2021-05-05,292.01,4.2957925281102645,529.5792528110264
2021-05-06,308.57,4.596118969894813,559.6118969894814
2021-05-07,320.01,4.803590859630033,580.3590859630033
2021-05-08,316.25,4.735400797968807,573.5400797968807
2021-05-09,305.4,4.538628944504896,553.8628944504895
2021-05-10,283.76,4.146173376858904,514.6173376858904
2021-05-11,302.07,4.478237214363438,547.8237214363438
2021-05-12,280.13,4.080340950308306,508.03409503083066
2021-05-13,296.36,4.374682626042801,537.4682626042801
2021-05-14,305.67,4.543525571273123,554.3525571273123
2021-05-15,271.08,3.9162132752992376,491.62132752992375
2021-05-16,262.4,3.75879579252811,475.87957925281097
2021-05-17,235.52,3.2713093942691334,427.13093942691336
2021-05-18,254.91,3.622959738846572,462.2959738846572
2021-05-19,146.22,1.6517954298150164,265.17954298150164
2021-05-20,182.4,2.307943416757345,330.7943416757345
2021-05-21,156.26,1.833877402974247,283.3877402974247
2021-05-22,142.57,1.585600290170475,258.5600290170475
2021-05-23,114.32,1.0732680449764236,207.32680449764237
2021-05-24,149.16,1.7051142546245917,270.51142546245916
2021-05-25,145.4,1.6369241929633662,263.6924192963366
2021-05-26,158.6,1.8763148349655423,287.6314834965542
2021-05-27,150.27,1.7252448313384114,272.52448313384116
2021-05-28,164.62,1.9854914762422924,298.54914762422925
2021-05-29,149.24,1.7065651070003627,270.6565107000363
2021-05-30,149.84,1.7174464998186436,271.74464998186437
2021-05-31,161.65,1.9316285817918026,293.16285817918026
2021-06-01,154.04,1.7936162495466084,279.36162495466084
2021-06-02,164.35,1.9805948494740657,298.0594849474066
2021-06-03,172.95,2.1365614798694232,313.6561479869423
2021-06-04,155.28,1.8161044613710553,281.61044613710555
2021-06-05,153.17,1.7778382299601012,277.78382299601014
2021-06-06,149.63,1.713638012332245,271.3638012332245
2021-06-07,135.72,1.4613710554951034,246.13710554951035
2021-06-08,130.88,1.3735944867609722,237.35944867609723
2021-06-09,145.05,1.630576713819369,263.05767138193687
2021-06-10,134.0,1.430177729416032,243.0177729416032
2021-06-11,124.74,1.2622415669205655,226.22415669205657
2021-06-12,125.85,1.282372143634385,228.23721436343848
2021-06-13,133.06,1.4131302140007254,241.31302140007253
2021-06-14,139.0,1.5208560029017049,252.08560029017048
2021-06-15,136.58,1.4769677185346395,247.69677185346396
2021-06-16,137.31,1.4902067464635476,249.02067464635476
2021-06-17,142.27,1.5801595937613349,258.0159593761335
2021-06-18,132.88,1.4098657961552412,240.98657961552414
2021-06-19,127.9,1.319550235763511,231.9550235763511
2021-06-20,131.81,1.3904606456293074,239.04606456293072
2021-06-21,101.3,0.8371418208197314,183.71418208197315
2021-06-22,106.5,0.9314472252448314,193.14472252448314
2021-06-23,111.79,1.0273848385926732,202.73848385926732
2021-06-24,112.82,1.0460645629307215,204.60645629307214
2021-06-25,100.08,0.8150163220892275,181.50163220892276
2021-06-26,103.61,0.8790351831701124,187.90351831701125
2021-06-27,107.71,0.9533913674283641,195.33913674283642
2021-06-28,118.0,1.1400072542618789,214.0007254261879
2021-06-29,126.49,1.2939789626405513,229.39789626405513
2021-06-30,130.91,1.3741385564018862,237.41385564018861
2021-07-01,120.17,1.179361624954661,217.9361624954661
2021-07-02,118.5,1.1490750816104462,214.90750816104463
2021-07-03,116.22,1.1077257889009795,210.77257889009795
2021-07-04,120.25,1.1808124773304316,218.08124773304317
2021-07-05,111.17,1.0161407326804497,201.61407326804496
2021-07-06,117.51,1.131120783460283,213.1120783460283
2021-07-07,118.55,1.1499818643453028,214.99818643453028
2021-07-08,109.46,0.9851287631483496,198.51287631483495
2021-07-09,111.01,1.0132390279289085,201.32390279289086
2021-07-10,108.12,0.9608269858541894,196.08269858541894
2021-07-11,110.84,1.0101559666303954,201.01559666303953
2021-07-12,107.68,0.9528472977874503,195.28472977874503
2021-07-13,104.1,0.8879216539717083,188.79216539717083
2021-07-14,104.55,0.8960826985854189,189.6082698585419
2021-07-15,100.17,0.8166485310119695,181.66485310119697
2021-07-16,93.06,0.6877040261153429,168.77040261153428
2021-07-17,93.16,0.6895175915850562,168.9517591585056
2021-07-18,93.95,0.7038447587957926,170.38447587957927
2021-07-19,89.25,0.61860718171926,161.860718171926
2021-07-20,85.65,0.5533188248095757,155.33188248095757
2021-07-21,95.18,0.7261516140732682,172.6151614073268
2021-07-22,97.6,0.7700398984403336,177.00398984403336
2021-07-23,97.73,0.7723975335509612,177.23975335509613
2021-07-24,99.26,0.8001450852375771,180.0145085237577
2021-07-25,100.44,0.8215451577801958,182.15451577801957
2021-07-26,101.33,0.8376858904606457,183.76858904606456
2021-07-27,102.85,0.8652520856002901,186.525208560029
2021-07-28,105.88,0.9202031193326079,192.02031193326079
2021-07-29,107.84,0.9557490025389916,195.57490025389916
2021-07-30,109.91,0.9932898077620602,199.328980776206
2021-07-31,111.15,1.0157780195865072,201.57780195865072
2021-08-01,115.53,1.0952121871599565,209.52121871599564
2021-08-02,115.26,1.0903155603917303,209.03155603917304
2021-08-03,114.05,1.0683714182081974,206.83714182081974
2021-08-04,118.08,1.1414581066376495,214.14581066376493
2021-08-05,119.03,1.1586869785999276,215.86869785999278
2021-08-06,126.93,1.3019586507072907,230.19586507072907
2021-08-07,134.17,1.4332607907145447,243.32607907145447
2021-08-08,123.48,1.2393906420021765,223.93906420021764
2021-08-09,130.65,1.369423286180631,236.9423286180631
2021-08-10,131.87,1.3915487849111354,239.15487849111355
2021-08-11,137.18,1.48784911135292,248.784911135292
2021-08-12,133.6,1.4229234675371778,242.29234675371777
2021-08-13,144.93,1.6284004352557129,262.8400435255713
2021-08-14,144.89,1.627675009067827,262.7675009067827
2021-08-15,154.82,1.8077620602103734,280.77620602103735
2021-08-16,150.12,1.7225244831338413,272.25244831338415
2021-08-17,141.45,1.5652883569096843,256.52883569096844
2021-08-18,140.76,1.5527747551686613,255.27747551686613
2021-08-19,147.37,1.6726514327167212,267.2651432716721
2021-08-20,153.75,1.7883569096844396,278.83569096844394
2021-08-21,155.89,1.8271672107363073,282.7167210736307
2021-08-22,160.54,1.9114980050779833,291.1498005077983
2021-08-23,165.12,1.9945593035908598,299.455930359086
2021-08-24,155.3,1.8164671744649983,281.64671744649985
2021-08-25,163.8,1.9706202393906422,297.0620239390642
2021-08-26,144.0,1.6115342763873777,261.15342763873775
2021-08-27,152.3,1.7620602103735945,276.20602103735945
2021-08-28,150.5,1.7294160319187522,272.94160319187523
2021-08-29,148.3,1.6895175915850564,268.95175915850564
2021-08-30,141.2,1.5607544432354006,256.07544432354007
2021-08-31,143.8,1.607907145447951,260.7907145447951
2021-09-01,151.7,1.7511788175553136,275.11788175553136
2021-09-02,150.7,1.7330431628581788,273.3043162858179
2021-09-03,156.4,1.8364163946318461,283.6416394631846
2021-09-04,160.1,1.903518317011244,290.3518317011244
2021-09-05,172.8,2.133841131664853,313.3841131664853
2021-09-06,171.1,2.1030105186797243,310.30105186797243
2021-09-07,136.4,1.473703300689155,247.37033006891548
2021-09-08,135.4,1.4555676459920206,245.55676459920207
2021-09-09,137.6,1.4954660863257163,249.54660863257163
2021-09-10,128.2,1.3249909321726512,232.4990932172651
2021-09-11,128.5,1.3304316285817919,233.0431628581792
2021-09-12,131.3,1.381211461733769,238.1211461733769
2021-09-13,127.8,1.3177366702937974,231.77366702937974
2021-09-14,133.8,1.4265505984766054,242.65505984766054
2021-09-15,139.8,1.5353645266594125,253.53645266594125
2021-09-16,137.9,1.500906782734857,250.0906782734857
2021-09-17,134.5,1.439245556764599,243.9245556764599
2021-09-18,138.6,1.5136017410228506,251.36017410228507
2021-09-19,133.6,1.4229234675371778,242.29234675371777
2021-09-20,119.1,1.1599564744287267,215.99564744287267
2021-09-21,111.7,1.025752629669931,202.5752629669931
2021-09-22,121.3,1.199854914762423,219.9854914762423
2021-09-23,122.6,1.2234312658686979,222.3431265868698
2021-09-24,110.6,1.0058034095030828,200.58034095030828
2021-09-25,110.7,1.0076169749727963,200.76169749727964
2021-09-26,111.2,1.0166848023213637,201.66848023213637
2021-09-27,104.5,0.8951759158505621,189.5175915850562
2021-09-28,100.8,0.8280739934711643,182.80739934711642
2021-09-29,103.7,0.8806673920928545,188.06673920928546
2021-09-30,107.1,0.9423286180631119,194.23286180631118
2021-10-01,114.9,1.083786724700762,208.3786724700762
2021-10-02,114.2,1.0710917664127675,207.10917664127675
2021-10-03,118.7,1.152702212549873,215.2702212549873
2021-10-04,116.8,1.1182444686253175,211.82444686253174
2021-10-05,123.1,1.2324990932172648,223.24990932172648
2021-10-06,125.4,1.2742110990206745,227.42110990206746
2021-10-07,125.3,1.272397533550961,227.2397533550961
2021-10-08,123.4,1.2379397896264055,223.79397896264055
2021-10-09,127.6,1.3141095393543707,231.41095393543708
2021-10-10,119.5,1.1672107363075805,216.72107363075804
2021-10-11,119.7,1.1708378672470077,217.08378672470076
2021-10-12,116.3,1.10917664127675,210.917664127675
2021-10-13,119.4,1.1653971708378674,216.53971708378674
2021-10-14,121.8,1.2089227421109903,220.89227421109902
2021-10-15,126.2,1.2887196227783821,228.8719622778382
2021-10-16,126.1,1.2869060573086686,228.69060573086685
2021-10-17,137.7,1.4972796517954294,249.72796517954293
2021-10-18,140.7,1.5516866158868332,255.16866158868334
2021-10-19,144.1,1.6133478418570908,261.33478418570905
2021-10-20,149.9,1.7185346391004717,271.85346391004714
2021-10-21,155.0,1.8110264780558576,281.1026478055858
2021-10-22,165.0,1.9923830250272037,299.2383025027204
2021-10-23,173.6,2.1483496554225607,314.8349655422561
2021-10-24,173.0,2.13746826260428,313.74682626042795
2021-10-25,170.1,2.0848748639825896,308.48748639825897
2021-10-26,161.1,1.9216539717083787,292.1653971708379
2021-10-27,147.1,1.6677548059484946,266.77548059484945
2021-10-28,159.0,1.883569096844396,288.3569096844396
2021-10-29,162.6,1.9488574537540804,294.885745375408
2021-10-30,153.3,1.7801958650707292,278.0195865070729
2021-10-31,167.0,2.0286543344214727,302.86543344214726
2021-11-01,169.7,2.077620602103736,307.7620602103736
2021-11-02,171.8,2.115705476967719,311.5705476967719
2021-11-03,168.3,2.0522306855277477,305.22306855277475
2021-11-04,163.7,1.9688066739209282,296.88066739209285
2021-11-05,162.8,1.9524845846935075,295.24845846935074
2021-11-06,159.6,1.8944504896626766,289.4450489662677
2021-11-07,164.1,1.976060935799782,297.6060935799782
2021-11-08,170.8,2.097569822270584,309.7569822270584
2021-11-09,200.1,2.6289445048966265,362.89445048966263
2021-11-10,179.8,2.2607907145447954,326.07907145447956
2021-11-11,204.5,2.7087413855640188,370.8741385564019
2021-11-12,202.1,2.665215814290896,366.52158142908957
2021-11-13,199.1,2.610808850199492,361.0808850199492
2021-11-14,201.8,2.6597751178817557,365.97751178817555
2021-11-15,195.5,2.545520493289808,354.5520493289808
2021-11-16,165.7,2.0050779833151973,300.5077983315197
2021-11-17,159.3,1.8890097932535368,288.90097932535366
2021-11-18,148.2,1.6877040261153424,268.7704026115342
2021-11-19,158.8,1.8799419659049694,287.9941965904969
2021-11-20,179.3,2.251722887196228,325.1722887196228
2021-11-21,229.4,3.1603191875226697,416.03191875226696
2021-11-22,206.0,2.735944867609721,373.5944867609721
2021-11-23,218.7,2.9662676822633296,396.62676822633296
2021-11-24,260.8,3.7297787450126947,472.97787450126947
2021-11-25,294.5,4.340950308306129,534.0950308306129
2021-11-26,246.6,3.472252448313384,447.2252448313384
2021-11-27,243.5,3.4160319187522665,441.6031918752266
2021-11-28,241.2,3.374319912948857,437.4319912948857
2021-11-29,246.7,3.474066013783097,447.4066013783097
2021-11-30,220.2,2.9934711643090313,399.3471164309031
2021-12-01,229.8,3.167573449401524,416.7573449401524
2021-12-02,225.4,3.0877765687341316,408.77765687341315
2021-12-03,206.2,2.7395719985491476,373.95719985491473
2021-12-04,187.6,2.4022488211824444,340.22488211824447
2021-12-05,182.6,2.3115705476967716,331.1570547696772
2021-12-06,179.8,2.2607907145447954,326.07907145447956
2021-12-07,174.1,2.157417482771128,315.74174827711283
2021-12-08,178.8,2.2426550598476607,324.2655059847661
2021-12-09,164.1,1.976060935799782,297.6060935799782
2021-12-10,159.4,1.89082335872325,289.082335872325
2021-12-11,168.3,2.0522306855277477,305.22306855277475
2021-12-12,169.6,2.075807036634022,307.58070366340223
2021-12-13,147.9,1.6822633297062026,268.22633297062026
2021-12-14,151.6,1.7493652520856,274.93652520856
2021-12-15,159.5,1.8926369241929635,289.2636924192964
2021-12-16,152.3,1.7620602103735945,276.20602103735945
2021-12-17,149.9,1.7185346391004717,271.85346391004714
2021-12-18,157.6,1.8581791802684076,285.81791802684074
2021-12-19,157.8,1.8618063112078347,286.18063112078346
2021-12-20,156.7,1.8418570910409864,284.18570910409863
2021-12-21,162.2,1.9416031918752266,294.16031918752265
2021-12-22,165.5,2.0014508523757706,300.14508523757706
2021-12-23,167.6,2.039535727239753,303.9535727239753
2021-12-24,165.0,1.9923830250272037,299.2383025027204
2021-12-25,169.5,2.073993471164309,307.39934711643093
2021-12-26,167.5,2.03772216177004,303.772216177004
2021-12-27,169.5,2.073993471164309,307.39934711643093
2021-12-28,149.7,1.7149075081610445,271.4907508161045
2021-12-29,146.6,1.6586869785999272,265.8686978599927
2021-12-30,153.7,1.7874501269495826,278.74501269495823
2021-12-31,146.5,1.656873413130214,265.6873413130214
2022-01-01,150.3,1.7257889009793255,272.5788900979326
2022-01-02,153.0,1.7747551686615886,277.47551686615884
2022-01-03,150.5,1.7294160319187522,272.94160319187523
2022-01-04,147.3,1.6713819368879217,267.13819368879217
2022-01-05,136.8,1.4809575625680087,248.09575625680088
2022-01-06,137.4,1.4918389553862896,249.18389553862897
2022-01-07,139.6,1.5317373957199854,253.17373957199854
2022-01-08,143.6,1.6042800145085234,260.4280014508523
2022-01-09,144.1,1.6133478418570908,261.33478418570905
2022-01-10,141.3,1.5625680087051146,256.2568008705115
2022-01-11,141.3,1.5625680087051146,256.2568008705115
2022-01-12,144.5,1.620602103735945,262.0602103735945
2022-01-13,143.3,1.5988393180993836,259.88393180993836
2022-01-14,142.4,1.5825172288719624,258.25172288719625
2022-01-15,144.4,1.6187885382662315,261.87885382662313
2022-01-16,141.2,1.5607544432354006,256.07544432354007
2022-01-17,138.9,1.5190424374319913,251.90424374319912
2022-01-18,131.8,1.390279289082336,239.02792890823358
2022-01-19,125.9,1.283278926369242,228.3278926369242
2022-01-20,118.8,1.1545157780195865,215.45157780195865
2022-01-21,102.3,0.8552774755168662,185.52774755168662
2022-01-22,94.6,0.7156329343489298,171.56329343489298
2022-01-23,97.5,0.7682263329706203,176.82263329706203
2022-01-24,94.4,0.7120058034095031,171.20058034095032
2022-01-25,90.3,0.6376496191512513,163.76496191512513
2022-01-26,89.8,0.6285817918026839,162.8581791802684
2022-01-27,88.7,0.6086325716358361,160.8632571635836
2022-01-28,91.2,0.6539717083786725,165.39717083786724
2022-01-29,96.3,0.7464635473340586,174.64635473340587
2022-01-30,93.1,0.6884294523032279,168.84294523032278
2022-01-31,94.5,0.7138193688792165,171.38193688792165
2022-02-01,98.9,0.7936162495466088,179.36162495466087
2022-02-02,98.3,0.7827348567283279,178.27348567283278
2022-02-03,100.9,0.8298875589408778,182.98875589408777
2022-02-04,107.1,0.9423286180631119,194.23286180631118
2022-02-05,116.0,1.1037359448676098,210.373594486761
2022-02-06,124.3,1.2542618788538267,225.42618788538266
2022-02-07,128.8,1.3358723249909326,233.58723249909326
2022-02-08,133.1,1.4138556401886109,241.3855640188611
2022-02-09,126.0,1.2850924918389555,228.50924918389555
2022-02-10,124.8,1.263329706202394,226.3329706202394
2022-02-11,116.5,1.1128037722161768,211.28037722161767
2022-02-12,117.8,1.1363801233224518,213.63801233224518
2022-02-13,117.0,1.1218715995647441,212.1871599564744
2022-02-14,120.5,1.1853463910047153,218.53463910047154
2022-02-15,125.9,1.283278926369242,228.3278926369242
2022-02-16,125.3,1.272397533550961,227.2397533550961
2022-02-17,113.6,1.0602103735944866,206.02103735944866
2022-02-18,109.0,0.9767863619876678,197.67863619876678
2022-02-19,112.1,1.033006891548785,203.30068915487848
2022-02-20,107.9,0.9568371418208199,195.68371418208199
2022-02-21,100.3,0.8190061661225969,181.90061661225968
2022-02-22,103.0,0.8679724338048604,186.79724338048604
2022-02-23,97.4,0.7664127675009069,176.6412767500907
2022-02-24,102.6,0.8607181719260064,186.07181719260063
2022-02-25,106.8,0.9368879216539716,193.68879216539716
2022-02-26,107.8,0.9550235763511061,195.50235763511063
2022-02-27,102.6,0.8607181719260064,186.07181719260063
2022-02-28,118.7,1.152702212549873,215.2702212549873
2022-03-01,119.0,1.1581429089590136,215.81429089590137
2022-03-02,125.8,1.2814653608995283,228.14653608995283
2022-03-03,129.1,1.3413130214000724,234.13130214000722
2022-03-04,117.0,1.1218715995647441,212.1871599564744
2022-03-05,116.4,1.1109902067464636,211.09902067464637
2022-03-06,107.4,0.9477693144722525,194.77693144722525
2022-03-07,109.6,0.9876677548059483,198.76677548059482
2022-03-08,138.5,1.5117881755531375,251.17881755531374
2022-03-09,141.5,1.5661951396445413,256.61951396445414
2022-03-10,157.2,1.8509249183895538,285.09249183895537
2022-03-11,153.4,1.7820094305404424,278.2009430540442
2022-03-12,151.7,1.7511788175553136,275.11788175553136
2022-03-13,154.8,1.807399347116431,280.7399347116431
2022-03-14,149.5,1.7112803772216179,271.12803772216176
2022-03-15,136.3,1.4718897352194418,247.18897352194418
2022-03-16,154.0,1.7928908233587233,279.2890823358723
2022-03-17,152.5,1.7656873413130212,276.5687341313021
2022-03-18,171.9,2.117519042437432,311.7519042437432
2022-03-19,179.9,2.2626042800145085,326.26042800145086
2022-03-20,173.8,2.151976786361988,315.19767863619876
2022-03-21,181.5,2.2916213275299238,329.16213275299236
2022-03-22,174.4,2.1628581791802683,316.28581791802685
2022-03-23,181.9,2.2988755894087776,329.88755894087774
2022-03-24,192.8,2.496554225607545,349.65542256075446
2022-03-25,195.1,2.5382662314109536,353.82662314109535
2022-03-26,204.8,2.7141820819731595,371.41820819731595
2022-03-27,210.3,2.8139281828073996,381.39281828073996
2022-03-28,192.2,2.4856728327892634,348.56728327892637
2022-03-29,196.3,2.5600290170475155,356.00290170475154
2022-03-30,191.9,2.480232136380123,348.0232136380123
2022-03-31,178.2,2.2317736670293797,323.177366702938
2022-04-01,186.2,2.376858904606456,337.68589046064557
2022-04-02,177.7,2.2227058396808124,322.2705839680812
2022-04-03,179.7,2.2589771490750814,325.89771490750815
2022-04-04,173.7,2.150163220892274,315.0163220892274
2022-04-05,165.6,2.003264417845484,300.3264417845484
2022-04-06,161.0,1.9198404062386651,291.9840406238665
2022-04-07,172.6,2.130214000725426,313.0214000725426
2022-04-08,165.7,2.0050779833151973,300.5077983315197
2022-04-09,169.3,2.0703663402248824,307.0366340224882
2022-04-10,161.1,1.9216539717083787,292.1653971708379
2022-04-11,142.8,1.5897714907508163,258.9771490750816
2022-04-12,147.4,1.6731955023576353,267.31955023576353
2022-04-13,152.7,1.7693144722524479,276.93144722524477
2022-04-14,144.2,1.6151614073268044,261.5161407326804
2022-04-15,146.6,1.6586869785999272,265.8686978599927
2022-04-16,143.9,1.609720710917664,260.9720710917664
2022-04-17,137.4,1.4918389553862896,249.18389553862897
2022-04-18,156.1,1.830975698222706,283.0975698222706
2022-04-19,158.6,1.8763148349655423,287.6314834965542
2022-04-20,156.8,1.8436706565107004,284.36706565107005
2022-04-21,159.5,1.8926369241929635,289.2636924192964
2022-04-22,157.1,1.8491113529198402,284.911135291984
2022-04-23,153.2,1.7783822996010152,277.8382299601015
2022-04-24,160.8,1.9162132752992385,291.62132752992386
2022-04-25,166.0,2.010518679724338,301.0518679724338
2022-04-26,146.1,1.6496191512513598,264.961915125136
2022-04-27,149.3,1.7076532462821912,270.7653246282191
2022-04-28,146.9,1.6641276750090679,266.4127675009068
2022-04-29,128.3,1.3268044976423652,232.68044976423653
2022-04-30,113.8,1.0638375045339137,206.38375045339137
2022-05-01,124.2,1.252448313384113,225.2448313384113
2022-05-02,124.8,1.263329706202394,226.3329706202394
2022-05-03,119.8,1.1726514327167208,217.2651432716721
2022-05-04,134.4,1.4374319912948859,243.74319912948857
2022-05-05,125.5,1.276024664490388,227.60246644903881
2022-05-06,123.8,1.2451940515052593,224.51940515052593
2022-05-07,112.7,1.0438882843670658,204.38882843670658
2022-05-08,114.1,1.069278200943054,206.9278200943054
2022-05-09,92.8,0.6829887558940877,168.29887558940877
2022-05-10,93.0,0.6866158868335146,168.66158868335145
2022-05-11,83.4,0.512513601741023,151.2513601741023
2022-05-12,86.7,0.572361262241567,157.2361262241567
2022-05-13,93.9,0.7029379760609358,170.2937976060936
2022-05-14,105.6,0.9151251360174102,191.512513601741
2022-05-15,112.4,1.0384475879579256,203.84475879579256
2022-05-16,102.8,0.8643453028654333,186.43453028654332
2022-05-17,114.7,1.0801595937613349,208.01595937613348
2022-05-18,99.7,0.8081247733043164,180.81247733043165
2022-05-19,104.7,0.8988030467899892,189.88030467899893
2022-05-20,107.3,0.945955749002539,194.5955749002539
2022-05-21,104.5,0.8951759158505621,189.5175915850562
2022-05-22,106.8,0.9368879216539716,193.68879216539716
2022-05-23,99.3,0.8008705114254624,180.08705114254624
2022-05-24,100.2,0.8171926006528836,181.71926006528835
2022-05-25,95.6,0.7337685890460643,173.37685890460642
2022-05-26,87.5,0.5868697859992746,158.68697859992747
2022-05-27,86.1,0.5614798694232861,156.1479869423286
2022-05-28,86.7,0.572361262241567,157.2361262241567
2022-05-29,92.4,0.6757344940152341,167.57344940152342
2022-05-30,98.8,0.791802684076895,179.1802684076895
2022-05-31,93.3,0.6920565832426551,169.2056583242655
2022-06-01,89.5,0.6231410953935437,162.31410953935438
2022-06-02,91.3,0.6557852738483858,165.5785273848386
2022-06-03,89.4,0.6213275299238303,162.13275299238305
2022-06-04,89.6,0.624954660863257,162.4954660863257
2022-06-05,89.4,0.6213275299238303,162.13275299238305
2022-06-06,93.9,0.7029379760609358,170.2937976060936
2022-06-07,92.9,0.6848023213638013,168.48023213638012
2022-06-08,92.6,0.6793616249546608,167.93616249546608
2022-06-09,91.2,0.6539717083786725,165.39717083786724
2022-06-10,86.4,0.5669205658324266,156.69205658324265
2022-06-11,79.6,0.4435981138919114,144.35981138919115
2022-06-12,79.1,0.434530286543344,143.4530286543344
2022-06-13,65.7,0.19151251360174104,119.1512513601741
2022-06-14,64.1,0.1624954660863256,116.24954660863256
2022-06-15,68.4,0.24047878128400435,124.04787812840044
2022-06-16,59.0,0.07000362713093944,107.00036271309395
2022-06-17,62.7,0.13710554951033727,113.71055495103373
2022-06-18,59.5,0.07907145447950681,107.90714544795068
2022-06-19,67.5,0.22415669205658317,122.41566920565832
2022-06-20,65.1,0.1806311207834601,118.06311207834601
2022-06-21,65.8,0.19332607907145438,119.33260790714544
2022-06-22,63.1,0.14435981138919107,114.4359811389191
2022-06-23,65.7,0.19151251360174104,119.1512513601741
2022-06-24,69.1,0.2531737395719984,125.31737395719983
2022-06-25,68.2,0.23685165034457745,123.68516503445774
2022-06-26,63.7,0.155241204207472,115.5241204207472
2022-06-27,62.3,0.12985128763148346,112.98512876314834
2022-06-28,58.9,0.06819006166122588,106.81900616612259
2022-06-29,57.6,0.044613710554951114,104.4613710554951
2022-06-30,54.5,-0.011606819006166114,98.83931809938339
2022-07-01,53.5,-0.029742473703300742,97.02575262966992
2022-07-02,54.0,-0.020674646354733373,97.93253536452666
2022-07-03,54.5,-0.011606819006166114,98.83931809938339
2022-07-04,58.1,0.05368153790351826,105.36815379035183
2022-07-05,57.1,0.035545883206383744,103.55458832063837
2022-07-06,58.2,0.055495103373231824,105.54951033732318
2022-07-07,59.9,0.0863257163583604,108.63257163583604
2022-07-08,59.4,0.07725788900979325,107.72578890097932
2022-07-09,61.2,0.1099020674646356,110.99020674646356
2022-07-10,59.8,0.08451215088864705,108.4512150888647
2022-07-11,55.7,0.010155966630395419,101.01559666303955
2022-07-12,52.1,-0.05513239027928907,94.4867609720711
2022-07-13,55.1,-0.0007254261878854029,99.92745738121145
2022-07-14,57.7,0.046427276024664454,104.64272760246645
2022-07-15,58.4,0.05912223431265873,105.91222343126587
2022-07-16,63.3,0.14798694232861798,114.79869423286179
2022-07-17,59.5,0.07907145447950681,107.90714544795068
2022-07-18,65.6,0.18969894813202748,118.96989481320274
2022-07-19,64.7,0.17337685890460652,117.33768589046065
2022-07-20,62.1,0.12622415669205655,112.62241566920565
2022-07-21,62.0,0.12441059122234321,112.44105912223432
2022-07-22,60.0,0.08813928182807396,108.8139281828074
2022-07-23,59.2,0.07363075807036634,107.36307580703664
2022-07-24,59.0,0.07000362713093944,107.00036271309395
2022-07-25,54.3,-0.015233949945593128,98.47660500544069
2022-07-26,55.8,0.01196953210010876,101.19695321001088
2022-07-27,61.6,0.11715632934348941,111.71563293434895
2022-07-28,63.7,0.155241204207472,115.5241204207472
2022-07-29,63.5,0.15161407326804488,115.1614073268045
2022-07-30,65.1,0.1806311207834601,118.06311207834601
2022-07-31,64.5,0.16974972796517962,116.97497279651796
2022-08-01,62.8,0.1389191149800506,113.89191149800506
2022-08-02,61.5,0.11534276387377584,111.53427638737759
2022-08-03,61.9,0.12259702575262965,112.25970257526296
2022-08-04,64.4,0.16793616249546628,116.79361624954663
2022-08-05,69.1,0.2531737395719984,125.31737395719983
2022-08-06,67.6,0.22597025752629651,122.59702575262965
2022-08-07,70.3,0.27493652520856005,127.493652520856
2022-08-08,77.4,0.40369967355821545,140.36996735582156
2022-08-09,79.8,0.4472252448313383,144.72252448313384
2022-08-10,78.7,0.42727602466449044,142.72760246644904
2022-08-11,79.3,0.43815741748277115,143.8157417482771
2022-08-12,77.3,0.4018861080885019,140.1886108088502
2022-08-13,76.2,0.38193688792165403,138.1936887921654
2022-08-14,73.8,0.33841131664853097,133.8411316648531
2022-08-15,73.8,0.33841131664853097,133.8411316648531
2022-08-16,76.0,0.37830975698222713,137.83097569822272
2022-08-17,74.2,0.3456655785273848,134.56655785273847
2022-08-18,70.1,0.2713093942691329,127.13093942691329
2022-08-19,62.2,0.12803772216177012,112.80377221617701
2022-08-20,63.0,0.14254624591947773,114.25462459194777
2022-08-21,64.7,0.17337685890460652,117.33768589046065
2022-08-22,65.0,0.17881755531374677,117.88175553137468
2022-08-23,66.4,0.20420747188973531,120.42074718897354
2022-08-24,67.6,0.22597025752629651,122.59702575262965
2022-08-25,67.8,0.22959738846572364,122.95973884657236
2022-08-26,61.1,0.10808850199492204,110.8088501994922
2022-08-27,61.4,0.11352919840406228,111.35291984040623
2022-08-28,61.2,0.1099020674646356,110.99020674646356
2022-08-29,63.8,0.15705476967718535,115.70547696771854
2022-08-30,60.0,0.08813928182807396,108.8139281828074
2022-08-31,59.9,0.0863257163583604,108.63257163583604
2022-09-01,59.0,0.07000362713093944,107.00036271309395
2022-09-02,60.4,0.09539354370692776,109.53935437069278
2022-09-03,62.7,0.13710554951033727,113.71055495103373
2022-09-04,63.9,0.1588683351468987,115.88683351468987
2022-09-05,63.3,0.14798694232861798,114.79869423286179
2022-09-06,58.1,0.05368153790351826,105.36815379035183
2022-09-07,59.3,0.07544432354007968,107.54443235400797
2022-09-08,61.0,0.10627493652520847,110.62749365252085
2022-09-09,66.0,0.19695321001088129,119.69532100108813
2022-09-10,65.4,0.1860718171926008,118.60718171926008
2022-09-11,64.3,0.1661225970257525,116.61225970257524
2022-09-12,63.0,0.14254624591947773,114.25462459194777
2022-09-13,58.9,0.06819006166122588,106.81900616612259
2022-09-14,62.0,0.12441059122234321,112.44105912223432
2022-09-15,58.3,0.057308668842945165,105.73086688429451
2022-09-16,56.8,0.030105186797243277,103.01051867972433
2022-09-17,58.7,0.0645629307217992,106.45629307217992
2022-09-18,53.4,-0.031556039173014194,96.84439608269858
2022-09-19,55.2,0.0010881392818280489,100.1088139281828
2022-09-20,53.5,-0.029742473703300742,97.02575262966992
2022-09-21,53.5,-0.029742473703300742,97.02575262966992
2022-09-22,56.7,0.028291621327529937,102.829162132753
2022-09-23,56.0,0.015596663039535663,101.55966630395356
2022-09-24,55.7,0.010155966630395419,101.01559666303955
2022-09-25,56.2,0.01922379397896279,101.92237939789628
2022-09-26,58.9,0.06819006166122588,106.81900616612259
2022-09-27,57.0,0.03373231773667018,103.37323177366702
2022-09-28,55.4,0.004715270221254952,100.4715270221255
2022-09-29,56.7,0.028291621327529937,102.829162132753
2022-09-30,55.6,0.008342401160681856,100.83424011606819
2022-10-01,55.3,0.0029017047515413896,100.29017047515414
2022-10-02,53.6,-0.02792890823358718,97.20710917664128
2022-10-03,55.9,0.013783097569822322,101.37830975698223
2022-10-04,56.8,0.030105186797243277,103.01051867972433
2022-10-05,56.7,0.028291621327529937,102.829162132753
2022-10-06,55.2,0.0010881392818280489,100.1088139281828
2022-10-07,54.7,-0.00797968806673921,99.20203119332608
2022-10-08,54.4,-0.013420384475879565,98.65796155241205
2022-10-09,54.8,-0.006166122597025869,99.38338774029741
2022-10-10,52.7,-0.044250997461008246,95.57490025389917
2022-10-11,51.5,-0.06601378309756978,93.39862169024302
2022-10-12,51.8,-0.060573086688429534,93.94269133115705
2022-10-13,51.0,-0.07508161044613715,92.49183895538629
2022-10-14,50.1,-0.09140369967355821,90.85963003264418
2022-10-15,50.9,-0.0768951759158506,92.31048240841494
2022-10-16,51.8,-0.060573086688429534,93.94269133115705
2022-10-17,52.8,-0.042437431991294905,95.7562568008705
2022-10-18,52.4,-0.04969169387014871,95.03083061298513
2022-10-19,50.7,-0.08052230685527739,91.94776931447225
2022-10-20,51.9,-0.05875952121871608,94.1240478781284
2022-10-21,52.1,-0.05513239027928907,94.4867609720711
2022-10-22,52.4,-0.04969169387014871,95.03083061298513
2022-10-23,53.1,-0.03699673558215455,96.30032644178455
2022-10-24,52.0,-0.05694595574900252,94.30540442509975
2022-10-25,53.2,-0.03518317011244099,96.4816829887559
2022-10-26,55.2,0.0010881392818280489,100.1088139281828
2022-10-27,52.9,-0.04062386652158145,95.93761334784186
2022-10-28,53.8,-0.024301777294160387,97.56982227058396
2022-10-29,54.3,-0.015233949945593128,98.47660500544069
2022-10-30,53.7,-0.026115342763873728,97.38846572361263
2022-10-31,52.6,-0.04606456293072181,95.39354370692782
2022-11-01,50.2,-0.08959013420384476,91.04098657961552
2022-11-02,50.3,-0.08777656873413131,91.22234312658686
2022-11-03,50.4,-0.08596300326441786,91.40369967355821
2022-11-04,53.8,-0.024301777294160387,97.56982227058396
2022-11-05,53.7,-0.026115342763873728,97.38846572361263
2022-11-06,50.3,-0.08777656873413131,91.22234312658686
2022-11-07,51.1,-0.07326804497642359,92.67319550235764
2022-11-08,42.2,-0.23467537178092124,76.53246282190787
2022-11-09,35.2,-0.3616249546608632,63.83750453391368
2022-11-10,39.2,-0.2890823358723249,71.09176641276751
2022-11-11,39.4,-0.2854552049328981,71.45447950671019
2022-11-12,40.1,-0.27276024664490384,72.72397533550962
2022-11-13,40.6,-0.2636924192963366,73.63075807036634
2022-11-14,40.5,-0.26550598476605003,73.449401523395
2022-11-15,40.9,-0.2582517228871962,74.17482771128037
2022-11-16,39.0,-0.2927094668117519,70.72905331882481
2022-11-17,39.7,-0.28001450852375764,71.99854914762423
2022-11-18,39.2,-0.2890823358723249,71.09176641276751
2022-11-19,39.8,-0.2782009430540443,72.17990569459558
2022-11-20,38.0,-0.31084512150888644,68.91548784911136
2022-11-21,37.6,-0.31809938338774024,68.19006166122598
2022-11-22,40.0,-0.2745738121146174,72.54261878853826
2022-11-23,43.1,-0.21835328255350017,78.16467174464998
2022-11-24,43.7,-0.20747188973521935,79.25281102647807
2022-11-25,41.5,-0.2473703300689155,75.26296699310845
2022-11-26,41.4,-0.24918389553862896,75.0816104461371
2022-11-27,40.7,-0.2618788538266231,73.81211461733768
2022-11-28,39.6,-0.2818280739934711,71.81719260065289
2022-11-29,40.0,-0.2745738121146174,72.54261878853826
2022-11-30,43.4,-0.21291258614435982,78.70874138556402
2022-12-01,44.9,-0.18570910409865804,81.4290895901342
2022-12-02,46.1,-0.1639463184620965,83.60536815379035
2022-12-03,45.4,-0.17664127675009067,82.33587232499093
2022-12-04,45.9,-0.1675734494015234,83.24265505984766
2022-12-05,46.4,-0.15850562205295615,84.14943779470438
2022-12-06,46.2,-0.16213275299238294,83.78672470076171
2022-12-07,43.7,-0.20747188973521935,79.25281102647807
2022-12-08,45.0,-0.18389553862894448,81.61044613710555
2022-12-09,45.7,-0.17120058034095031,82.87994196590496
2022-12-10,45.5,-0.17482771128037722,82.51722887196227
2022-12-11,44.8,-0.1875226695683715,81.24773304316285
2022-12-12,46.0,-0.16575988393180996,83.42401160681901
2022-12-13,46.3,-0.1603191875226696,83.96808124773304
2022-12-14,46.3,-0.1603191875226696,83.96808124773304
2022-12-15,46.0,-0.16575988393180996,83.42401160681901
2022-12-16,41.0,-0.25643815741748277,74.35618425825172
2022-12-17,43.0,-0.22016684802321362,77.98331519767864
2022-12-18,43.4,-0.21291258614435982,78.70874138556402
2022-12-19,42.1,-0.2364889372506347,76.35110627493653
2022-12-20,42.1,-0.2364889372506347,76.35110627493653
2022-12-21,41.4,-0.24918389553862896,75.0816104461371
2022-12-22,39.4,-0.2854552049328981,71.45447950671019
2022-12-23,39.4,-0.2854552049328981,71.45447950671019
2022-12-24,39.7,-0.28001450852375764,71.99854914762423
2022-12-25,39.9,-0.27638737758433085,72.36126224156692
2022-12-26,40.3,-0.26913311570547704,73.0866884294523
2022-12-27,38.8,-0.29633659775117893,70.36634022488211
2022-12-28,37.4,-0.32172651432716726,67.82734856728328
2022-12-29,38.0,-0.31084512150888644,68.91548784911136
2022-12-30,37.9,-0.3126586869786,68.73413130214
2022-12-31,37.3,-0.3235400797968807,67.64599202031192
2023-01-01,37.2,-0.32535364526659405,67.46463547334059
2023-01-02,39.5,-0.28364163946318466,71.63583605368153
2023-01-03,40.1,-0.27276024664490384,72.72397533550962
2023-01-04,40.7,-0.2618788538266231,73.81211461733768
2023-01-05,39.8,-0.2782009430540443,72.17990569459558
2023-01-06,41.4,-0.24918389553862896,75.0816104461371
2023-01-07,41.5,-0.2473703300689155,75.26296699310845
2023-01-08,42.7,-0.22560754443235398,77.4392455567646
2023-01-09,43.1,-0.21835328255350017,78.16467174464998
2023-01-10,44.0,-0.2020311933260791,79.79688066739209
2023-01-11,44.3,-0.19659049691693875,80.34095030830612
2023-01-12,45.3,-0.17845484221980423,82.15451577801957
2023-01-13,45.4,-0.17664127675009067,82.33587232499093
2023-01-14,46.7,-0.15306492564381569,84.69350743561843
2023-01-15,44.8,-0.1875226695683715,81.24773304316285
2023-01-16,42.6,-0.22742110990206743,77.25788900979326
2023-01-17,44.6,-0.19114980050779828,80.88501994922017
2023-01-18,42.8,-0.22379397896264064,77.62060210373593
2023-01-19,44.4,-0.1947769314472253,80.52230685527746
2023-01-20,48.2,-0.1258614435981138,87.41385564018861
2023-01-21,48.0,-0.1294885745375408,87.05114254624591
2023-01-22,47.3,-0.14218353282553509,85.78164671744649
2023-01-23,47.0,-0.14762422923467533,85.23757707653246
2023-01-24,44.4,-0.1947769314472253,80.52230685527746
2023-01-25,45.4,-0.17664127675009067,82.33587232499093
2023-01-26,46.8,-0.15125136017410235,84.87486398258977
2023-01-27,46.5,-0.1566920565832427,84.33079434167573
2023-01-28,45.3,-0.17845484221980423,82.15451577801957
2023-01-29,47.1,-0.14581066376496188,85.41893362350382
2023-01-30,44.6,-0.19114980050779828,80.88501994922017
2023-01-31,45.2,-0.18026840768951757,81.97315923104824
2023-02-01,47.1,-0.14581066376496188,85.41893362350382
2023-02-02,45.9,-0.1675734494015234,83.24265505984766
2023-02-03,47.0,-0.14762422923467533,85.23757707653246
2023-02-04,46.6,-0.15487849111352914,84.51215088864708
2023-02-05,44.2,-0.1984040623866521,80.15959376133479
2023-02-06,43.4,-0.21291258614435982,78.70874138556402
2023-02-07,46.8,-0.15125136017410235,84.87486398258977
2023-02-08,45.3,-0.17845484221980423,82.15451577801957
2023-02-09,42.9,-0.22198041349292708,77.80195865070729
2023-02-10,43.6,-0.2092854552049329,79.07145447950671
2023-02-11,45.7,-0.17120058034095031,82.87994196590496
2023-02-12,46.3,-0.1603191875226696,83.96808124773304
2023-02-13,43.6,-0.2092854552049329,79.07145447950671
2023-02-14,43.6,-0.2092854552049329,79.07145447950671
2023-02-15,46.3,-0.1603191875226696,83.96808124773304
2023-02-16,43.5,-0.21109902067464636,78.89009793253537
2023-02-17,45.3,-0.17845484221980423,82.15451577801957
2023-02-18,46.1,-0.1639463184620965,83.60536815379035
2023-02-19,47.9,-0.13130214000725426,86.86978599927457
2023-02-20,50.3,-0.08777656873413131,91.22234312658686
2023-02-21,49.4,-0.10409865796155249,89.59013420384476
2023-02-22,48.0,-0.1294885745375408,87.05114254624591
2023-02-23,48.0,-0.1294885745375408,87.05114254624591
2023-02-24,45.3,-0.17845484221980423,82.15451577801957
2023-02-25,44.5,-0.19296336597751185,80.70366340224882
2023-02-26,45.2,-0.18026840768951757,81.97315923104824
2023-02-27,44.2,-0.1984040623866521,80.15959376133479
2023-02-28,43.0,-0.22016684802321362,77.98331519767864
2023-03-01,44.4,-0.1947769314472253,80.52230685527746
2023-03-02,43.6,-0.2092854552049329,79.07145447950671
2023-03-03,39.6,-0.2818280739934711,71.81719260065289
2023-03-04,38.6,-0.2999637286906057,70.00362713093942
2023-03-05,38.1,-0.309031556039173,69.0968443960827
2023-03-06,38.5,-0.3017772941603192,69.82227058396808
2023-03-07,37.7,-0.3162858179180268,68.37141820819733
2023-03-08,35.6,-0.3543706927820094,64.56293072179906
2023-03-09,34.2,-0.3797606093579978,62.02393906420022
2023-03-10,32.1,-0.4178454842219804,58.21545157780196
2023-03-11,31.4,-0.4305404425099747,56.94595574900253
2023-03-12,34.2,-0.3797606093579978,62.02393906420022
2023-03-13,35.3,-0.35981138919114986,64.01886108088502
2023-03-14,36.1,-0.34530286543344213,65.46971345665578
2023-03-15,33.3,-0.396082698585419,60.3917301414581
2023-03-16,33.9,-0.3852013057671382,61.47986942328618
2023-03-17,37.1,-0.3271672107363076,67.28327892636923
2023-03-18,35.9,-0.34892999637286914,65.10700036271308
2023-03-19,36.6,-0.33623503808487487,66.37649619151252
2023-03-20,34.3,-0.3779470438882844,62.205295611171564
2023-03-21,36.4,-0.3398621690243018,66.01378309756983
2023-03-22,34.7,-0.37069278200943045,62.930721799056954
2023-03-23,38.1,-0.309031556039173,69.0968443960827
2023-03-24,35.9,-0.34892999637286914,65.10700036271308
2023-03-25,35.5,-0.35618425825172284,64.38157417482772
2023-03-26,36.3,-0.34167573449401534,65.83242655059847
2023-03-27,35.9,-0.34892999637286914,65.10700036271308
2023-03-28,36.3,-0.34167573449401534,65.83242655059847
2023-03-29,37.2,-0.32535364526659405,67.46463547334059
2023-03-30,37.8,-0.31447225244831345,68.55277475516866
2023-03-31,38.7,-0.2981501632208923,70.18498367791078
2023-04-01,38.3,-0.3054044250997462,69.45955749002538
2023-04-02,36.6,-0.33623503808487487,66.37649619151252
2023-04-03,36.4,-0.3398621690243018,66.01378309756983
2023-04-04,37.8,-0.31447225244831345,68.55277475516866
2023-04-05,38.0,-0.31084512150888644,68.91548784911136
2023-04-06,37.8,-0.31447225244831345,68.55277475516866
2023-04-07,37.7,-0.3162858179180268,68.37141820819733
2023-04-08,38.4,-0.30359085963003263,69.64091403699673
2023-04-09,39.8,-0.2782009430540443,72.17990569459558
2023-04-10,39.6,-0.2818280739934711,71.81719260065289
2023-04-11,39.7,-0.28001450852375764,71.99854914762423
2023-04-12,39.7,-0.28001450852375764,71.99854914762423
2023-04-13,41.2,-0.25281102647805587,74.71889735219442
2023-04-14,42.2,-0.23467537178092124,76.53246282190787
2023-04-15,42.9,-0.22198041349292708,77.80195865070729
2023-04-16,42.7,-0.22560754443235398,77.4392455567646
2023-04-17,41.6,-0.24555676459920206,75.4443235400798
2023-04-18,42.6,-0.22742110990206743,77.25788900979326
2023-04-19,38.2,-0.30721799056945953,69.27820094305405
2023-04-20,37.8,-0.31447225244831345,68.55277475516866
2023-04-21,36.6,-0.33623503808487487,66.37649619151252
2023-04-22,37.7,-0.3162858179180268,68.37141820819733
2023-04-23,37.1,-0.3271672107363076,67.28327892636923
2023-04-24,36.9,-0.3307943416757345,66.92056583242655
2023-04-25,37.3,-0.3235400797968807,67.64599202031192
2023-04-26,36.5,-0.3380486035545883,66.19513964454117
2023-04-27,38.1,-0.309031556039173,69.0968443960827
2023-04-28,37.8,-0.31447225244831345,68.55277475516866
2023-04-29,38.6,-0.2999637286906057,70.00362713093942
2023-04-30,37.6,-0.31809938338774024,68.19006166122598
2023-05-01,36.4,-0.3398621690243018,66.01378309756983
2023-05-02,36.7,-0.3344214726151613,66.55785273848387
2023-05-03,37.0,-0.32898077620602106,67.10192237939789
2023-05-04,36.3,-0.34167573449401534,65.83242655059847
2023-05-05,37.1,-0.3271672107363076,67.28327892636923
2023-05-06,35.9,-0.34892999637286914,65.10700036271308
2023-05-07,35.3,-0.35981138919114986,64.01886108088502
2023-05-08,33.2,-0.39789626405513234,60.21037359448677
2023-05-09,33.3,-0.396082698585419,60.3917301414581
2023-05-10,33.4,-0.39426913311570555,60.57308668842944
2023-05-11,32.6,-0.40877765687341316,59.122234312658684
2023-05-12,33.0,-0.40152339499455936,59.847660500544066
2023-05-13,32.7,-0.4069640914036996,59.30359085963004
2023-05-14,33.0,-0.40152339499455936,59.847660500544066
2023-05-15,32.9,-0.4033369604642728,59.66630395357272
2023-05-16,33.1,-0.3997098295248458,60.029017047515424
2023-05-17,33.9,-0.3852013057671382,61.47986942328618
2023-05-18,33.6,-0.39064200217627854,60.93579978237214
2023-05-19,33.5,-0.392455567645992,60.7544432354008
2023-05-20,33.2,-0.39789626405513234,60.21037359448677
2023-05-21,32.1,-0.4178454842219804,58.21545157780196
2023-05-22,32.0,-0.4196590496916939,58.03409503083061
2023-05-23,32.3,-0.4142183532825535,58.578164671744645
2023-05-24,31.0,-0.4377947043888284,56.22052956111716
2023-05-25,31.3,-0.43235400797968804,56.7645992020312
2023-05-26,32.5,-0.4105912223431266,58.94087776568734
2023-05-27,32.8,-0.40515052593398626,59.48494740660137
2023-05-28,34.2,-0.3797606093579978,62.02393906420022
2023-05-29,33.6,-0.39064200217627854,60.93579978237214
2023-05-30,33.8,-0.38701487123685174,61.298512876314824
2023-05-31,32.2,-0.41603191875226686,58.396808124773315
2023-06-01,31.5,-0.42872687704026113,57.12731229597389
2023-06-02,32.2,-0.41603191875226686,58.396808124773315
2023-06-03,32.2,-0.41603191875226686,58.396808124773315
2023-06-04,31.9,-0.4214726151614073,57.85273848385927
2023-06-05,29.3,-0.4686253173739572,53.13746826260428
2023-06-06,30.0,-0.455930359085963,54.4069640914037
2023-06-07,28.7,-0.479506710192238,52.0493289807762
2023-06-08,29.0,-0.47406601378309754,52.59339862169025
2023-06-09,29.0,-0.47406601378309754,52.59339862169025
2023-06-10,23.9,-0.5665578527384839,43.344214726151606
2023-06-11,24.8,-0.5502357635110627,44.97642364889373
2023-06-12,25.2,-0.5429815016322089,45.701849836779104
2023-06-13,25.4,-0.539354370692782,46.0645629307218
2023-06-14,24.4,-0.5574900253899167,44.25099746100834
2023-06-15,24.8,-0.5502357635110627,44.97642364889373
2023-06-16,25.23,-0.5424374319912949,45.75625680087051
2023-06-17,25.56,-0.5364526659412405,46.35473340587595
2023-06-18,25.76,-0.5328255350018136,46.71744649981864
2023-06-19,26.26,-0.5237577076532463,47.624229234675376
2023-06-20,26.41,-0.5210373594486761,47.89626405513239
2023-06-21,27.33,-0.5043525571273123,49.564744287268766
2023-06-22,26.16,-0.5255712731229598,47.442872687704025
2023-06-23,28.76,-0.47841857091040985,52.158142908959015
2023-06-24,29.42,-0.466449038810301,53.355096118969904
2023-06-25,30.52,-0.446499818643453,55.3500181356547
2023-06-26,30.34,-0.44976423648893726,55.02357635110627
2023-06-27,30.27,-0.4510337323177367,54.896626768226334
2023-06-28,28.89,-0.47606093579978237,52.393906420021764
2023-06-29,29.61,-0.46300326441784545,53.69967355821545
2023-06-30,33.84,-0.38628944504896623,61.37105549510338
2023-07-01,34.08,-0.38193688792165403,61.8063112078346
2023-07-02,32.78,-0.4055132390279289,59.44867609720711
2023-07-03,33.25,-0.3969894813202757,60.30105186797243
2023-07-04,33.14,-0.3989844033369605,60.10155966630395
2023-07-05,31.77,-0.4238302502720348,57.61697497279652
2023-07-06,30.37,-0.44922016684802324,55.07798331519768
2023-07-07,29.58,-0.4635473340587596,53.64526659412404
2023-07-08,28.77,-0.4782372143634386,52.17627856365614
2023-07-09,28.54,-0.4824084149437795,51.75915850562205
2023-07-10,28.89,-0.47606093579978237,52.393906420021764
2023-07-11,28.94,-0.4751541530649256,52.48458469350744
2023-07-12,29.22,-0.470076169749728,52.9923830250272
2023-07-13,32.86,-0.4040623866521582,59.593761334784176
2023-07-14,31.86,-0.42219804134929273,57.78019586507072
2023-07-15,31.27,-0.43289807762060206,56.71019223793979
2023-07-16,30.84,-0.44069640914037,55.930359085963
2023-07-17,32.41,-0.4122234312658688,58.77765687341312
2023-07-18,31.23,-0.43362350380848746,56.637649619151254
2023-07-19,31.3,-0.43235400797968804,56.7645992020312
2023-07-20,31.18,-0.43453028654334425,56.546971345665575
2023-07-21,31.45,-0.4296336597751179,57.03663402248821
2023-07-22,31.36,-0.43126586869786,56.873413130214004
2023-07-23,31.75,-0.42419296336597756,57.58070366340225
2023-07-24,29.92,-0.4573812114617337,54.26187885382663
2023-07-25,29.81,-0.45937613347841855,54.062386652158146
2023-07-26,29.99,-0.4561117156329344,54.38882843670656
2023-07-27,30.09,-0.45429815016322095,54.570184983677905
2023-07-28,30.65,-0.44414218353282553,55.58578164671745
2023-07-29,30.37,-0.44922016684802324,55.07798331519768
2023-07-30,29.9,-0.4577439245556765,54.22560754443235
2023-07-31,30.29,-0.45067101922379404,54.93289807762059
2023-08-01,30.54,-0.44613710554951036,55.386289445048966
2023-08-02,29.68,-0.461733768589046,53.826623141095396
2023-08-03,29.69,-0.46155241204207476,53.84475879579252
2023-08-04,29.14,-0.4715270221254987,52.84729778745013
2023-08-05,29.29,-0.46880667392092856,53.11933260790715
2023-08-06,29.36,-0.46753717809212914,53.246282190787085
2023-08-07,29.2,-0.47043888284367064,52.956111715632936
2023-08-08,29.53,-0.46445411679361626,53.55458832063837
2023-08-09,29.51,-0.4648168298875589,53.51831701124411
2023-08-10,29.47,-0.4655422560754443,53.44577439245557
2023-08-11,29.63,-0.4626405513239028,53.73594486760972
2023-08-12,29.23,-0.4698948132027566,53.01051867972434
2023-08-13,29.93,-0.45719985491476245,54.280014508523756
2023-08-14,29.63,-0.4626405513239028,53.73594486760972
2023-08-15,28.14,-0.4896626768226333,51.03373231773667
2023-08-16,26.73,-0.515233949945593,48.476605005440696
2023-08-17,24.31,-0.5591222343126587,44.08777656873413
2023-08-18,24.39,-0.5576713819368879,44.232861806311206
2023-08-19,24.9,-0.5484221980413493,45.157780195865065
2023-08-20,25.13,-0.5442509974610084,45.574900253899166
2023-08-21,24.85,-0.5493289807762061,45.0671019223794
2023-08-22,24.98,-0.5469713456655785,45.30286543344214
2023-08-23,25.48,-0.5379035183170112,46.20964816829888
2023-08-24,24.79,-0.5504171200580341,44.95828799419659
2023-08-25,25.03,-0.5460645629307218,45.39354370692782
2023-08-26,24.9,-0.5484221980413493,45.157780195865065
2023-08-27,25.1,-0.5447950671019224,45.52049328980776
2023-08-28,25.35,-0.5402611534276387,45.97388465723613
2023-08-29,26.39,-0.5214000725426188,47.859992745738126
2023-08-30,26.25,-0.5239390642002176,47.606093579978236
2023-08-31,24.76,-0.5509611896989481,44.90388103010519
2023-09-01,24.22,-0.5607544432354008,43.92455567645992
2023-09-02,24.74,-0.5513239027928909,44.86760972071092
2023-09-03,24.75,-0.5511425462459194,44.88574537540806
2023-09-04,24.54,-0.5549510337323178,44.50489662676823
2023-09-05,24.64,-0.5531374682626042,44.68625317373957
2023-09-06,25.15,-0.5438882843670656,45.61117156329343
2023-09-07,25.34,-0.5404425099746101,45.955749002538994
2023-09-08,25.04,-0.5458832063837504,45.41167936162495
2023-09-09,25.35,-0.5402611534276387,45.97388465723613
2023-09-10,24.8,-0.5502357635110627,44.97642364889373
2023-09-11,24.6,-0.5538628944504896,44.613710554951034
2023-09-12,24.78,-0.5505984766050054,44.940152339499456
2023-09-13,25.33,-0.5406238665215815,45.937613347841854
2023-09-14,25.32,-0.5408052230685527,45.91947769314472
2023-09-15,26.07,-0.5272034820457019,47.279651795429814
2023-09-16,26.05,-0.5275661951396445,47.24338048603555
2023-09-17,25.48,-0.5379035183170112,46.20964816829888
2023-09-18,25.39,-0.5395357272397534,46.046427276024666
2023-09-19,25.83,-0.5315560391730142,46.84439608269858
2023-09-20,26.1,-0.5266594124047879,47.33405875952122
2023-09-21,26.09,-0.5268407689517591,47.31592310482408
2023-09-22,26.68,-0.5161407326804498,48.38592673195502
2023-09-23,26.62,-0.5172288719622778,48.27711280377221
2023-09-24,25.86,-0.5310119695321001,46.898803046789986
2023-09-25,26.13,-0.5261153427638738,47.38846572361262
2023-09-26,26.24,-0.524120420747189,47.5879579252811
2023-09-27,26.07,-0.5272034820457019,47.279651795429814
2023-09-28,26.43,-0.5206746463547334,47.93253536452666
2023-09-29,26.69,-0.5159593761334784,48.40406238665216
2023-09-30,26.91,-0.5119695321001088,48.80304678998912
2023-10-01,28.06,-0.4911135291984041,50.888647080159586
2023-10-02,27.29,-0.5050779833151977,49.49220166848023
2023-10-03,26.9,-0.5121508886470802,48.78491113529198
2023-10-04,27.13,-0.5079796880667392,49.20203119332608
2023-10-05,27.11,-0.5083424011606819,49.165759883931806
2023-10-06,26.73,-0.515233949945593,48.476605005440696
2023-10-07,27.0,-0.5103373231773667,48.96626768226333
2023-10-08,26.22,-0.5244831338411318,47.55168661588683
2023-10-09,25.57,-0.5362713093942691,46.37286906057309
2023-10-10,25.48,-0.5379035183170112,46.20964816829888
2023-10-11,25.11,-0.5446137105549511,45.53862894450489
2023-10-12,24.52,-0.5553137468262604,44.468625317373956
2023-10-13,24.97,-0.54715270221255,45.28472977874501
2023-10-14,24.95,-0.5475154153064925,45.248458469350744
2023-10-15,25.13,-0.5442509974610084,45.574900253899166
2023-10-16,25.6,-0.535727239753355,46.42727602466449
2023-10-17,24.61,-0.5536815379035183,44.63184620964817
2023-10-18,24.77,-0.5507798331519769,44.922016684802315
2023-10-19,25.01,-0.5464272760246645,45.357272397533556
2023-10-20,25.26,-0.5418933623503808,45.810663764961916
2023-10-21,25.65,-0.5348204570184985,46.51795429815016
2023-10-22,25.87,-0.5308306129851288,46.916938701487126
2023-10-23,27.26,-0.5056220529561117,49.437794704388835
2023-10-24,27.51,-0.501088139281828,49.891186071817195
2023-10-25,27.42,-0.5027203482045701,49.727965179542984
2023-10-26,27.78,-0.4961915125136017,50.38084874863983
2023-10-27,27.31,-0.504715270221255,49.5284729778745
2023-10-28,27.86,-0.494740660137831,50.5259339862169
2023-10-29,28.22,-0.4882118244468625,51.17881755531375
2023-10-30,28.49,-0.4833151976786362,51.66848023213638
2023-10-31,28.32,-0.48639825897714906,51.36017410228509
2023-11-01,28.66,-0.4802321363801233,51.97678636198767
2023-11-02,27.5,-0.5012694958287994,49.873050417120055
2023-11-03,27.67,-0.49818643453028655,50.181356546971344
2023-11-04,28.16,-0.48929996372869056,51.070003627130944
2023-11-05,28.64,-0.48059484947406605,51.9405150525934
2023-11-06,29.85,-0.45865070729053314,54.134929270946685
2023-11-07,29.26,-0.4693507435618426,53.06492564381574
2023-11-08,30.04,-0.4552049328980776,54.47950671019224
2023-11-09,29.52,-0.46463547334058763,53.53645266594123
2023-11-10,30.36,-0.4494015233949946,55.05984766050054
2023-11-11,30.43,-0.4481320275661952,55.18679724338048
2023-11-12,31.18,-0.43453028654334425,56.546971345665575
2023-11-13,29.6,-0.46318462096481683,53.68153790351832
2023-11-14,29.39,-0.4669931084512151,53.30068915487849
2023-11-15,30.37,-0.44922016684802324,55.07798331519768
2023-11-16,29.54,-0.4642727602466449,53.572723975335514
2023-11-17,29.33,-0.46808124773304316,53.191875226695686
2023-11-18,28.89,-0.47606093579978237,52.393906420021764
2023-11-19,29.23,-0.4698948132027566,53.01051867972434
2023-11-20,28.92,-0.47551686615886835,52.44831338411316
2023-11-21,26.8,-0.5139644541167936,48.60355458832064
2023-11-22,28.5,-0.4831338411316649,51.68661588683351
2023-11-23,28.83,-0.47714907508161053,52.285092491838945
2023-11-24,29.63,-0.4626405513239028,53.73594486760972
2023-11-25,30.14,-0.45339136742836417,54.660863257163584
2023-11-26,29.55,-0.4640914036996735,53.590859630032654
2023-11-27,28.78,-0.4780558578164672,52.19441421835328
2023-11-28,29.02,-0.4737033006891549,52.62966993108451
2023-11-29,29.07,-0.4727965179542981,52.720348204570186
2023-11-30,29.54,-0.4642727602466449,53.572723975335514
2023-12-01,29.8,-0.4595574900253899,54.044250997461006
2023-12-02,31.4,-0.4305404425099747,56.94595574900253
2023-12-03,30.84,-0.44069640914037,55.930359085963
2023-12-04,31.71,-0.42491838955386285,57.508161044613715
2023-12-05,31.73,-0.4245556764599202,57.54443235400798
2023-12-06,31.2,-0.4341675734494015,56.58324265505985
2023-12-07,32.03,-0.41911498005077985,58.08850199492201
2023-12-08,33.45,-0.39336235038084866,60.663764961915135
2023-12-09,33.47,-0.3929996372869061,60.700036271309386
2023-12-10,33.62,-0.3902792890823359,60.97207109176641
2023-12-11,30.4,-0.4486760972071092,55.132390279289076
2023-12-12,30.99,-0.43797606093579977,56.20239390642002
2023-12-13,30.67,-0.4437794704388828,55.62205295611172
2023-12-14,30.63,-0.4445048966267683,55.54951033732317
2023-12-15,29.51,-0.4648168298875589,53.51831701124411
2023-12-16,29.99,-0.4561117156329344,54.38882843670656
2023-12-17,29.76,-0.46028291621327533,53.97170837867247
2023-12-18,28.93,-0.47533550961189697,52.4664490388103
2023-12-19,27.89,-0.4941965904969169,50.58034095030831
2023-12-20,29.16,-0.47116430903155604,52.8835690968444
2023-12-21,29.98,-0.45629307217990567,54.370692782009435
2023-12-22,30.4,-0.4486760972071092,55.132390279289076
2023-12-23,30.38,-0.44903881030105186,55.09611896989482
2023-12-24,30.14,-0.45339136742836417,54.660863257163584
2023-12-25,31.25,-0.4332607907145448,56.67392092854552
2023-12-26,30.37,-0.44922016684802324,55.07798331519768
2023-12-27,31.81,-0.4231048240841495,57.68951759158505
2023-12-28,31.9,-0.4214726151614073,57.85273848385927
2023-12-29,28.65,-0.4804134929270947,51.95865070729053
2023-12-30,28.63,-0.48077620602103743,51.92237939789626
2023-12-31,26.92,-0.5117881755531375,48.82118244468626
2024-01-01,27.78,-0.4961915125136017,50.38084874863983
2024-01-02,27.59,-0.49963728690605735,50.036271309394266
2024-01-03,25.03,-0.5460645629307218,45.39354370692782
2024-01-04,24.17,-0.5616612259702576,43.833877402974245
2024-01-05,23.54,-0.5730866884294523,42.69133115705477
2024-01-06,23.08,-0.5814290895901342,41.857091040986575
2024-01-07,21.92,-0.6024664490388103,39.75335509611897
2024-01-08,21.25,-0.6146173376858904,38.53826623141096
2024-01-09,19.66,-0.6434530286543344,35.65469713456656
2024-01-10,22.31,-0.5953935437069279,40.460645629307216
2024-01-11,24.43,-0.5569459557490026,44.305404425099745
2024-01-12,23.75,-0.569278200943054,43.0721799056946
2024-01-13,23.37,-0.5761697497279652,42.38302502720349
2024-01-14,22.72,-0.5879579252811027,41.20420747188973
2024-01-15,23.64,-0.5712731229597389,42.87268770402611
2024-01-16,23.18,-0.5796155241204208,42.038447587957926
2024-01-17,22.92,-0.5843307943416758,41.566920565832426
2024-01-18,22.5,-0.5919477693144722,40.80522306855278
2024-01-19,23.62,-0.5716358360536815,42.83641639463185
2024-01-20,23.61,-0.5718171926006529,42.818280739934714
2024-01-21,23.37,-0.5761697497279652,42.38302502720349
2024-01-22,22.26,-0.5963003264417845,40.369967355821544
2024-01-23,21.43,-0.6113529198404062,38.86470801595937
2024-01-24,21.94,-0.6021037359448675,39.78962640551324
2024-01-25,22.4,-0.5937613347841857,40.62386652158143
2024-01-26,22.7,-0.5883206383750453,41.167936162495465
2024-01-27,22.72,-0.5879579252811027,41.20420747188973
2024-01-28,22.17,-0.5979325353645266,40.20674646354734
2024-01-29,22.99,-0.5830612985128764,41.693870148712364
2024-01-30,22.58,-0.5904969169387015,40.95030830612985
2024-01-31,21.7,-0.60645629307218,39.35437069278201
2024-02-01,21.71,-0.6062749365252085,39.372506347479145
2024-02-02,22.07,-0.5997461008342402,40.02538991657599
2024-02-03,22.09,-0.5993833877402974,40.061661225970255
2024-02-04,21.42,-0.6115342763873776,38.84657236126225
2024-02-05,21.37,-0.6124410591222342,38.75589408777657
2024-02-06,19.22,-0.6514327167210736,34.85672832789263
2024-02-07,20.82,-0.6224156692056584,37.75843307943417
2024-02-08,20.87,-0.6215088864708016,37.84911135291984
2024-02-09,21.09,-0.6175190424374319,38.2480957562568
2024-02-10,20.89,-0.6211461733768588,37.88538266231411
2024-02-11,20.34,-0.631120783460283,36.88792165397171
2024-02-12,21.07,-0.6178817555313747,38.21182444686253
2024-02-13,20.83,-0.622234312658687,37.7765687341313
2024-02-14,21.3,-0.6137105549510338,38.62894450489663
2024-02-15,22.3,-0.5955749002538991,40.44250997461008
2024-02-16,22.66,-0.5890460645629307,41.095393543706926
2024-02-17,24.84,-0.5495103373231773,45.04896626768226
2024-02-18,25.64,-0.5350018135654697,46.499818643453025
2024-02-19,26.87,-0.5126949582879942,48.730504171200586
2024-02-20,24.81,-0.5500544069640914,44.99455930359086
2024-02-21,24.48,-0.5560391730141458,44.396082698585424
2024-02-22,26.74,-0.5150525933986217,48.49474066013782
2024-02-23,26.83,-0.5134203844758796,48.65796155241204
2024-02-24,27.95,-0.49310845121508884,50.68915487849112
2024-02-25,27.73,-0.4970982952484585,50.29017047515415
2024-02-26,28.06,-0.4911135291984041,50.888647080159586
2024-02-27,28.76,-0.47841857091040985,52.158142908959015
2024-02-28,28.31,-0.48657961552412043,51.34203844758795
2024-02-29,27.89,-0.4941965904969169,50.58034095030831
2024-03-01,29.54,-0.4642727602466449,53.572723975335514
2024-03-02,33.09,-0.3998911860718172,60.010881392818284
2024-03-03,31.6,-0.4269133115705477,57.30866884294523
2024-03-04,32.79,-0.40533188248095764,59.46681175190424
2024-03-05,30.32,-0.4501269495828799,54.987305041712006
2024-03-06,32.82,-0.4047878128400435,59.52121871599565
2024-03-07,34.04,-0.3826623141095393,61.733768589046065
2024-03-08,34.58,-0.3728690605730868,62.71309394269132
2024-03-09,34.24,-0.3790351831701124,62.09648168298876
2024-03-10,33.75,-0.3879216539717084,61.20783460282916
2024-03-11,34.85,-0.36797243380486033,63.20275661951397
2024-03-12,34.19,-0.3799419659049692,62.00580340950308
2024-03-13,34.85,-0.36797243380486033,63.20275661951397
2024-03-14,34.07,-0.3821182444686253,61.78817555313747
2024-03-15,31.49,-0.4289082335872325,57.10917664127675
2024-03-16,29.08,-0.47261516140732684,52.73848385926732
2024-03-17,29.26,-0.4693507435618426,53.06492564381574
2024-03-18,27.54,-0.500544069640914,49.945593035908594
2024-03-19,25.03,-0.5460645629307218,45.39354370692782
2024-03-20,28.31,-0.48657961552412043,51.34203844758795
2024-03-21,29.38,-0.4671744649981865,53.28255350018135
2024-03-22,28.76,-0.47841857091040985,52.158142908959015
2024-03-23,28.69,-0.4796880667392093,52.03119332607907
2024-03-24,29.79,-0.4597388465723613,54.02611534276387
2024-03-25,30.34,-0.44976423648893726,55.02357635110627
2024-03-26,31.63,-0.42636924192963366,57.36307580703664
2024-03-27,31.0,-0.4377947043888284,56.22052956111716
2024-03-28,30.78,-0.44178454842219805,55.82154515778019
2024-03-29,30.71,-0.4430540442509975,55.694595574900255
2024-03-30,30.08,-0.4544795067101923,54.552049328980765
2024-03-31,30.44,-0.4479506710192238,55.204932898077615
2024-04-01,28.94,-0.4751541530649256,52.48458469350744
2024-04-02,27.66,-0.4983677910772579,50.16322089227421
2024-04-03,27.17,-0.5072542618788538,49.27457381211462
2024-04-04,27.66,-0.4983677910772579,50.16322089227421
2024-04-05,27.29,-0.5050779833151977,49.49220166848023
2024-04-06,27.49,-0.5014508523757708,49.85491476242292
2024-04-07,27.86,-0.494740660137831,50.5259339862169
2024-04-08,28.52,-0.48277112803772215,51.72288719622779
2024-04-09,27.62,-0.4990932172651432,50.09067827348568
2024-04-10,27.05,-0.5094305404425099,49.056945955749
2024-04-11,26.52,-0.5190424374319913,48.09575625680087
2024-04-12,23.23,-0.578708741385564,42.1291258614436
2024-04-13,20.48,-0.6285817918026841,37.14182081973159
2024-04-14,21.97,-0.6015596663039535,39.844033369604645
2024-04-15,21.2,-0.6155241204207472,38.44758795792528
2024-04-16,21.43,-0.6113529198404062,38.86470801595937
2024-04-17,21.05,-0.6182444686253173,38.17555313746826
2024-04-18,22.02,-0.6006528835690969,39.93471164309032
2024-04-19,22.25,-0.5964816829887559,40.35183170112441
2024-04-20,23.24,-0.5785273848385928,42.14726151614073
2024-04-21,22.73,-0.5877765687341313,41.22234312658687
2024-04-22,24.3,-0.55930359085963,44.069640914036995
2024-04-23,23.97,-0.5652883569096845,43.47116430903155
2024-04-24,22.91,-0.584512150888647,41.548784911135286
2024-04-25,23.34,-0.5767138193688792,42.328618063112074
2024-04-26,22.88,-0.5850562205295611,41.49437794704389
2024-04-27,23.22,-0.5788900979325353,42.110990206746465
2024-04-28,22.48,-0.5923104824084149,40.768951759158504
2024-04-29,22.36,-0.5944867609720711,40.55132390279289
2024-04-30,21.35,-0.612803772216177,38.7196227783823
2024-05-01,22.23,-0.5968443960826986,40.315560391730145
2024-05-02,22.76,-0.5872324990932172,41.27675009067828
2024-05-03,23.02,-0.5825172288719622,41.74827711280377
2024-05-04,23.1,-0.5810663764961914,41.893362350380855
2024-05-05,23.09,-0.5812477330431629,41.875226695683715
2024-05-06,22.86,-0.5854189336235038,41.458106637649614
2024-05-07,22.42,-0.5933986216902429,40.6601378309757
2024-05-08,23.49,-0.5739934711643091,42.6006528835691
2024-05-09,23.46,-0.5745375408052231,42.54624591947769
2024-05-10,22.85,-0.5856002901704751,41.43997098295248
2024-05-11,22.5,-0.5919477693144722,40.80522306855278
2024-05-12,22.36,-0.5944867609720711,40.55132390279289
2024-05-13,22.19,-0.597569822270584,40.243017772941606
2024-05-14,21.94,-0.6021037359448675,39.78962640551324
2024-05-15,23.24,-0.5785273848385928,42.14726151614073
2024-05-16,23.69,-0.5703663402248821,42.96336597751179
2024-05-17,23.58,-0.572361262241567,42.7638737758433
2024-05-18,23.57,-0.5725426187885383,42.745738121146175
2024-05-19,23.25,-0.5783460282916213,42.16539717083786
2024-05-20,25.03,-0.5460645629307218,45.39354370692782
2024-05-21,24.62,-0.553500181356547,44.64998186434531
2024-05-22,24.7,-0.5520493289807762,44.79506710192238
2024-05-23,25.33,-0.5406238665215815,45.937613347841854
2024-05-24,27.75,-0.49673558215451574,50.32644178454843
2024-05-25,26.91,-0.5119695321001088,48.80304678998912
2024-05-26,26.52,-0.5190424374319913,48.09575625680087
2024-05-27,27.0,-0.5103373231773667,48.96626768226333
2024-05-28,26.66,-0.5165034457743924,48.34965542256076
2024-05-29,26.83,-0.5134203844758796,48.65796155241204
2024-05-30,26.72,-0.5154153064925644,48.45846935074356
2024-05-31,26.97,-0.5108813928182807,48.91186071817192
2024-06-01,27.06,-0.5092491838955386,49.075081610446134
2024-06-02,26.41,-0.5210373594486761,47.89626405513239
2024-06-03,25.5,-0.5375408052230686,46.24591947769314
2024-06-04,27.57,-0.5,50.0
2024-06-05,26.51,-0.5192237939789626,48.077620602103735
2024-06-06,26.76,-0.514689880304679,48.5310119695321
2024-06-07,24.89,-0.5486035545883206,45.13964454116794
2024-06-08,22.97,-0.583424011606819,41.6575988393181
2024-06-09,23.74,-0.5694595574900254,43.05404425099746
2024-06-10,23.56,-0.5727239753355096,42.727602466449035
2024-06-11,22.77,-0.5870511425462459,41.29488574537541
2024-06-12,23.6,-0.5719985491476243,42.80014508523758
2024-06-13,22.76,-0.5872324990932172,41.27675009067828
2024-06-14,22.76,-0.5872324990932172,41.27675009067828
2024-06-15,22.65,-0.5892274211099021,41.077257889009786
2024-06-16,22.86,-0.5854189336235038,41.458106637649614
2024-06-17,21.72,-0.6060935799782372,39.39064200217627
2024-06-18,20.5,-0.6282190787087414,37.17809212912586
2024-06-19,20.07,-0.6360174102285092,36.39825897714907
2024-06-20,20.03,-0.6367428364163946,36.32571635836054
2024-06-21,20.07,-0.6360174102285092,36.39825897714907
2024-06-22,19.99,-0.63746826260428,36.253173739572
2024-06-23,19.59,-0.6447225244831338,35.527747551686616
2024-06-24,19.82,-0.6405513239027929,35.94486760972071
2024-06-25,20.14,-0.6347479143997099,36.525208560029014
2024-06-26,19.91,-0.6389191149800508,36.10808850199492
2024-06-27,20.87,-0.6215088864708016,37.84911135291984
2024-06-28,20.66,-0.6253173739571998,37.468262604280014
2024-06-29,20.24,-0.6329343489299963,36.70656510700036
2024-06-30,20.94,-0.6202393906420022,37.97606093579978
2024-07-01,20.74,-0.6238665215814292,37.613347841857085
2024-07-02,20.86,-0.621690243017773,37.8309756982227
2024-07-03,20.8,-0.622778382299601,37.7221617700399
2024-07-04,18.4,-0.666303953572724,33.3696046427276
2024-07-05,18.3,-0.6681175190424374,33.18824809575626
2024-07-06,19.84,-0.6401886108088501,35.98113891911498
2024-07-07,18.67,-0.6614073268044975,33.85926731955024
2024-07-08,20.47,-0.6287631483496554,37.12368516503445
2024-07-09,22.61,-0.5899528472977875,41.004715270221254
2024-07-10,23.4,-0.5756256800870512,42.437431991294886
2024-07-11,24.2,-0.5611171563293436,43.88828436706565
2024-07-12,24.06,-0.5636561479869424,43.63438520130576
2024-07-13,26.77,-0.5145085237577076,48.549147624229235
2024-07-14,29.36,-0.46753717809212914,53.246282190787085
2024-07-15,28.22,-0.4882118244468625,51.17881755531375
2024-07-16,30.29,-0.45067101922379404,54.93289807762059
2024-07-17,31.06,-0.43670656510700034,56.329343489299966
2024-07-18,30.79,-0.4416031918752267,55.83968081247733
2024-07-19,29.53,-0.46445411679361626,53.55458832063837
2024-07-20,29.62,-0.46282190787087407,53.71780921291259
2024-07-21,32.07,-0.41838955386289445,58.16104461371056
2024-07-22,30.36,-0.4494015233949946,55.05984766050054
2024-07-23,29.69,-0.46155241204207476,53.84475879579252
2024-07-24,30.13,-0.45357272397533555,54.642727602466444
2024-07-25,30.15,-0.4532100108813929,54.67899891186071
2024-07-26,32.49,-0.4107725788900979,58.922742110990214
2024-07-27,31.72,-0.4247370330068916,57.52629669931084
2024-07-28,32.01,-0.4194776931447226,58.05223068552774
2024-07-29,32.92,-0.40297424737033005,59.702575262966995
2024-07-30,32.14,-0.417120058034095,58.287994196590496
2024-07-31,33.6,-0.39064200217627854,60.93579978237214
2024-08-01,32.45,-0.4114980050779833,58.85019949220167
2024-08-02,32.68,-0.40732680449764236,59.26731955023576
2024-08-03,31.78,-0.4236488937250634,57.63511062749366
2024-08-04,30.79,-0.4416031918752267,55.83968081247733
2024-08-05,30.06,-0.454842219804135,54.515778019586506
2024-08-06,31.82,-0.42292346753717813,57.707653246282185
2024-08-07,32.5,-0.4105912223431266,58.94087776568734
2024-08-08,35.84,-0.3500181356546971,64.9981864345303
2024-08-09,40.81,-0.2598839318099383,74.01160681900618
2024-08-10,41.29,-0.2511788175553138,74.88211824446861
2024-08-11,41.1,-0.2546245919477693,74.53754080522307
2024-08-12,43.44,-0.21218715995647452,78.78128400435254
2024-08-13,43.02,-0.21980413492927087,78.01958650707292
2024-08-14,42.19,-0.23485672832789273,76.51432716721072
2024-08-15,42.83,-0.2232499093217265,77.67500906782735
2024-08-16,42.36,-0.23177366702937974,76.82263329706203
2024-08-17,43.63,-0.20874138556401878,79.12586144359813
2024-08-18,42.77,-0.22433804860355455,77.56619513964455
2024-08-19,41.92,-0.23975335509611895,76.0246644903881
2024-08-20,41.56,-0.24628219078708735,75.37178092129126
2024-08-21,41.5,-0.2473703300689155,75.26296699310845
2024-08-22,41.43,-0.24863982589771494,75.1360174102285
2024-08-23,42.43,-0.2305041712005803,76.94958287994197
2024-08-24,43.03,-0.2196227783822996,78.03772216177003
2024-08-25,39.78,-0.27856365614798695,72.14363438520131
2024-08-26,36.74,-0.333696046427276,66.63039535727239
2024-08-27,35.47,-0.356728327892637,64.3271672107363
2024-08-28,33.51,-0.3922742110990207,60.772578890097925
2024-08-29,33.24,-0.39717083786724694,60.28291621327531
2024-08-30,33.02,-0.4011606819006166,59.88393180993834
2024-08-31,32.19,-0.41621327529923835,58.37867247007617
2024-09-01,29.4,-0.46681175190424373,53.318824809575624
2024-09-02,29.49,-0.46517954298150166,53.482045701849835
2024-09-03,28.76,-0.47841857091040985,52.158142908959015
2024-09-04,29.59,-0.4633659775117882,53.66340224882118
2024-09-05,28.9,-0.4758795792528111,52.41204207471889
2024-09-06,26.97,-0.5108813928182807,48.91186071817192
2024-09-07,27.75,-0.49673558215451574,50.32644178454843
2024-09-08,27.73,-0.4970982952484585,50.29017047515415
2024-09-09,29.36,-0.46753717809212914,53.246282190787085
2024-09-10,30.82,-0.44105912223431265,55.89408777656873
2024-09-11,29.64,-0.4624591947769314,53.75408052230686
2024-09-12,29.37,-0.46735582154515776,53.264417845484225
2024-09-13,30.54,-0.44613710554951036,55.386289445048966
2024-09-14,30.59,-0.4452303228146536,55.476967718534645
2024-09-15,29.22,-0.470076169749728,52.9923830250272
2024-09-16,29.15,-0.4713456655785274,52.86543344214726
2024-09-17,29.81,-0.45937613347841855,54.062386652158146
2024-09-18,30.61,-0.44486760972071093,55.513239027928904
2024-09-19,31.62,-0.42655059847660504,57.3449401523395
2024-09-20,31.28,-0.4327167210736308,56.72832789263692
2024-09-21,31.34,-0.43162858179180275,56.837141820819724
2024-09-22,30.19,-0.4524845846935074,54.75154153064926
2024-09-23,29.63,-0.4626405513239028,53.73594486760972
2024-09-24,29.36,-0.46753717809212914,53.246282190787085
2024-09-25,28.37,-0.4854914762422924,51.450852375770765
2024-09-26,30.24,-0.4515778019586507,54.84221980413493
2024-09-27,30.43,-0.4481320275661952,55.18679724338048
2024-09-28,29.5,-0.4649981864345303,53.500181356546975
2024-09-29,29.08,-0.47261516140732684,52.73848385926732
2024-09-30,27.76,-0.49655422560754436,50.34457743924556
2024-10-01,26.64,-0.5168661588683352,48.313384113166485
2024-10-02,25.92,-0.529923830250272,47.0076169749728
2024-10-03,25.64,-0.5350018135654697,46.499818643453025
2024-10-04,26.81,-0.5137830975698223,48.62169024301777
2024-10-05,27.39,-0.5032644178454841,49.67355821545158
2024-10-06,29.27,-0.4691693870148712,53.08306129851288
2024-10-07,28.99,-0.4742473703300689,52.57526296699311
2024-10-08,29.01,-0.47388465723612616,52.61153427638738
2024-10-09,29.08,-0.47261516140732684,52.73848385926732
2024-10-10,33.85,-0.38610808850199485,61.38919114980052
2024-10-11,36.32,-0.3413130214000726,65.86869785999274
2024-10-12,34.55,-0.3734131302140008,62.65868697859992
2024-10-13,35.43,-0.35745375408052227,64.25462459194777
2024-10-14,36.17,-0.3440333696046427,65.59666303953573
2024-10-15,37.43,-0.32118244468625323,67.88175553137468
2024-10-16,36.95,-0.32988755894087773,67.01124410591223
2024-10-17,36.14,-0.3445774392455567,65.54225607544433
2024-10-18,35.82,-0.35038084874863984,64.96191512513602
2024-10-19,37.09,-0.3273485672832789,67.26514327167212
2024-10-20,36.91,-0.33061298512876325,66.93870148712368
2024-10-21,37.43,-0.32118244468625323,67.88175553137468
2024-10-22,37.95,-0.3117519042437431,68.8248095756257
2024-10-23,37.89,-0.31284004352557127,68.71599564744287
2024-10-24,37.2,-0.32535364526659405,67.46463547334059
2024-10-25,35.99,-0.34729778745012696,65.2702212549873
2024-10-26,34.56,-0.3732317736670293,62.67682263329707
2024-10-27,38.38,-0.3039535727239753,69.60464272760247
2024-10-28,38.32,-0.30504171200580343,69.49582879941966
2024-10-29,38.47,-0.3023213638012332,69.76786361987668
2024-10-30,38.44,-0.30286543344214734,69.71345665578527
2024-10-31,36.82,-0.3322451940515052,66.77548059484948
2024-11-01,37.88,-0.31302140007254253,68.69785999274575
2024-11-02,36.87,-0.33133841131664854,66.86615886833515
2024-11-03,37.22,-0.3249909321726515,67.50090678273484
2024-11-04,36.93,-0.3302502720348205,66.97497279651795
2024-11-05,38.21,-0.30703663402248815,69.29633659775118
2024-11-06,43.24,-0.21581429089590132,78.41857091040987
2024-11-07,44.07,-0.20076169749727968,79.92383025027203
2024-11-08,46.19,-0.16231410953935443,83.76858904606456
2024-11-09,46.08,-0.16430903155603926,83.56909684439607
2024-11-10,45.49,-0.17500906782734849,82.49909321726516
2024-11-11,45.29,-0.1786361987667755,82.13638012332245
2024-11-12,41.98,-0.238665215814291,76.1334784185709
2024-11-13,38.67,-0.2986942328618063,70.13057671381937
2024-11-14,36.77,-0.333151976786362,66.6848023213638
2024-11-15,38.49,-0.30195865070729055,69.80413492927094
2024-11-16,44.98,-0.18425825172288723,81.57417482771127
2024-11-17,44.5,-0.19296336597751185,80.70366340224882
2024-11-18,44.85,-0.1866158868335147,81.33841131664853
2024-11-19,42.78,-0.22415669205658328,77.58433079434167
2024-11-20,41.45,-0.24827711280377218,75.17228871962278
2024-11-21,45.37,-0.1771853463910048,82.28146536089952
2024-11-22,45.85,-0.16848023213638008,83.15197678636198
2024-11-23,48.82,-0.11461733768589044,88.53826623141096
2024-11-24,52.6,-0.04606456293072181,95.39354370692782
2024-11-25,47.81,-0.13293434892999634,86.70656510700037
2024-11-26,51.24,-0.07072905331882473,92.92709466811753
2024-11-27,56.49,0.024483133841131766,102.44831338411318
2024-11-28,55.72,0.010518679724337954,101.0518679724338
2024-11-29,54.48,-0.01196953210010887,98.80304678998911
2024-11-30,59.26,0.07471889735219439,107.47188973521943
2024-12-01,60.04,0.08886470801595925,108.88647080159592
2024-12-02,74.59,0.3527384838592673,135.27384838592673
2024-12-03,73.2,0.32752992383025026,132.75299238302503
2024-12-04,69.6,0.26224156692056577,126.22415669205658
2024-12-05,70.64,0.2811026478055858,128.11026478055857
2024-12-06,70.36,0.2760246644903881,127.60246644903881
2024-12-07,70.28,0.2745738121146173,127.45738121146172
2024-12-08,74.25,0.34657236126224156,134.65723612622415
2024-12-09,58.52,0.061298512876314826,106.12985128763148
2024-12-10,58.73,0.065107000362713,106.5107000362713
2024-12-11,63.75,0.15614798694232856,115.61479869423286
2024-12-12,59.43,0.07780195865070727,107.78019586507072
2024-12-13,60.04,0.08886470801595925,108.88647080159592
2024-12-14,58.38,0.05875952121871597,105.87595212187159
2024-12-15,59.06,0.07109176641276749,107.10917664127675
2024-12-16,56.45,0.02375770765324625,102.37577076532463
2024-12-17,55.28,0.0025389916575988547,100.25389916575989
2024-12-18,50.69,-0.08070366340224888,91.9296336597751
2024-12-19,48.29,-0.12422923467537184,87.57707653246281
2024-12-20,54.41,-0.013239027928908298,98.67609720710917
2024-12-21,53.64,-0.027203482045701888,97.27965179542981
2024-12-22,58.58,0.062386652158142875,106.2386652158143
2024-12-23,65.84,0.1940515052593399,119.40515052593399
2024-12-24,69.31,0.2569822270583968,125.69822270583968
2024-12-25,73.53,0.33351468988030475,133.35146898803046
2024-12-26,68.94,0.250272034820457,125.0272034820457
2024-12-27,62.16,0.1273122959738846,112.73122959738846
2024-12-28,62.77,0.1383750453391368,113.83750453391369
2024-12-29,60.65,0.09992745738121145,109.99274573812114
2024-12-30,58.29,0.0571273122959739,105.7127312295974
2024-12-31,56.27,0.020493289807762105,102.04932898077621
2025-01-01,58.22,0.05585781646717436,105.58578164671744
2025-01-02,59.48,0.07870874138556405,107.8708741385564
2025-01-03,60.91,0.1046427276024664,110.46427276024664
2025-01-04,59.21,0.07381211461733761,107.38121146173376
2025-01-05,58.45,0.06002901704751551,106.00290170475155
2025-01-06,60.41,0.09557490025389903,109.55749002538991
2025-01-07,52.27,-0.05204932898077619,94.79506710192238
2025-01-08,50.24,-0.08886470801595936,91.11352919840407
2025-01-09,46.99,-0.1478055857816467,85.21944142183533
2025-01-10,48.27,-0.12459194776931437,87.54080522306856
2025-01-11,48.54,-0.11969532100108815,88.03046789989118
2025-01-12,48.02,-0.12912586144359806,87.0874138556402
2025-01-13,48.44,-0.1215088864708016,87.84911135291983
2025-01-14,51.13,-0.07272397533550956,92.72760246644904
2025-01-15,55.37,0.004171200580340928,100.41712005803409
2025-01-16,54.07,-0.019405150525933945,98.0594849474066
2025-01-17,54.86,-0.005077983315197709,99.49220166848023
2025-01-18,51.98,-0.057308668842945276,94.26913311570547
2025-01-19,46.93,-0.14889372506347476,85.11062749365253
2025-01-20,47.55,-0.1376496191512514,86.23503808487486
2025-01-21,49.1,-0.10953935437069273,89.04606456293072
2025-01-22,48.48,-0.12078346028291631,87.92165397170837
2025-01-23,48.61,-0.11842582517228872,88.15741748277112
2025-01-24,46.24,-0.16140732680449765,83.85926731955024
2025-01-25,46.42,-0.1581429089590134,84.18570910409866
2025-01-26,44.81,-0.1873413130214,81.26586869786
2025-01-27,43.18,-0.21690243017772948,78.30975698222706
2025-01-28,41.73,-0.24319912948857458,75.68008705114254
2025-01-29,42.41,-0.23086688429452307,76.91331157054769
2025-01-30,43.94,-0.20311933260790715,79.68806673920929
2025-01-31,43.24,-0.21581429089590132,78.41857091040987
2025-02-01,39.17,-0.28962640551323904,71.0373594486761
2025-02-02,33.24,-0.39717083786724694,60.28291621327531
2025-02-03,35.48,-0.3565469713456656,64.34530286543344
2025-02-04,32.13,-0.4173014145810663,58.26985854189337
2025-02-05,32.13,-0.4173014145810663,58.26985854189337
2025-02-06,29.87,-0.4582879941965905,54.17120058034095
2025-02-07,30.11,-0.4539354370692782,54.60645629307218
2025-02-08,31.9,-0.4214726151614073,57.85273848385927
2025-02-09,32.47,-0.41113529198404064,58.886470801595934
2025-02-10,32.5,-0.4105912223431266,58.94087776568734
2025-02-11,33.09,-0.3998911860718172,60.010881392818284
2025-02-12,32.68,-0.40732680449764236,59.26731955023576
2025-02-13,32.46,-0.4113166485310119,58.86833514689881
2025-02-14,33.04,-0.40079796880667395,59.920203119332605
2025-02-15,32.19,-0.41621327529923835,58.37867247007617
2025-02-16,34.16,-0.3804860355458832,61.951396445411675
2025-02-17,36.48,-0.3384113166485311,66.15886833514689
2025-02-18,33.86,-0.3859267319550236,61.40732680449764
2025-02-19,36.15,-0.34439608269858546,65.56039173014145
2025-02-20,36.6,-0.33623503808487487,66.37649619151252
2025-02-21,35.15,-0.36253173739572,63.746826260428
2025-02-22,35.91,-0.34874863982589777,65.12513601741023
2025-02-23,35.9,-0.34892999637286914,65.10700036271308
2025-02-24,33.03,-0.4009793253536452,59.90206746463548
2025-02-25,33.54,-0.3917301414581067,60.82698585418933
2025-02-26,36.1,-0.34530286543344213,65.46971345665578
2025-02-27,36.71,-0.33424011606819004,66.57598839318099
2025-02-28,37.62,-0.3177366702937977,68.22633297062023
2025-03-01,37.81,-0.31429089590134196,68.5709104098658
2025-03-02,41.27,-0.25154153064925644,74.84584693507436
2025-03-03,36.35,-0.34076895175915844,65.92310482408415
2025-03-04,35.06,-0.36416394631846205,63.5836053681538
2025-03-05,36.42,-0.339499455930359,66.0500544069641
2025-03-06,34.11,-0.3813928182807399,61.86071817192601
2025-03-07,32.99,-0.4017047515415306,59.82952484584694
2025-03-08,32.59,-0.40895901342038443,59.10409865796156
2025-03-09,29.84,-0.4588320638375045,54.116793616249545
2025-03-10,29.17,-0.47098295248458466,52.90170475154154
2025-03-11,30.29,-0.45067101922379404,54.93289807762059
2025-03-12,30.23,-0.4517591585056221,54.82408414943779
2025-03-13,31.02,-0.43743199129488575,56.25680087051143
2025-03-14,32.32,-0.41385564018861076,58.614435981138925
2025-03-15,32.3,-0.4142183532825535,58.578164671744645
2025-03-16,32.8,-0.40515052593398626,59.48494740660137
2025-03-17,34.25,-0.37885382662314115,62.114617337685885
2025-03-18,33.14,-0.3989844033369605,60.10155966630395
2025-03-19,34.27,-0.3784911135291984,62.15088864708016
2025-03-20,33.91,-0.3850199492201669,61.49800507798331
2025-03-21,30.85,-0.4405150525933986,55.94849474066014
2025-03-22,31.09,-0.4361624954660863,56.38375045339137
2025-03-23,31.04,-0.4370692782009431,56.29307217990569
2025-03-24,32.44,-0.41167936162495467,58.832063837504535
2025-03-25,36.51,-0.33786724700761706,66.21327529923829
2025-03-26,39.02,-0.29234675371780916,70.76532462821909
2025-03-27,37.19,-0.32553500181356554,67.44649981864345
2025-03-28,36.9,-0.3307943416757345,66.92056583242655
2025-03-29,36.27,-0.34221980413492925,65.77801958650707
2025-03-30,37.44,-0.32100108813928185,67.89989118607181
2025-03-31,39.37,-0.28599927457381213,71.40007254261879
2025-04-01,40.64,-0.2629669931084512,73.70330068915489
2025-04-02,38.87,-0.2950671019223795,70.49328980776205
2025-04-03,38.86,-0.29524845846935077,70.47515415306492
2025-04-04,39.43,-0.2849111352919841,71.50888647080158
2025-04-05,37.52,-0.31955023576351105,68.04497642364889
2025-04-06,35.79,-0.35092491838955386,64.90750816104462
2025-04-07,33.84,-0.38628944504896623,61.37105549510338
2025-04-08,35.03,-0.3647080159593761,63.52919840406239
2025-04-09,36.45,-0.338955386289445,66.1044613710555
2025-04-10,36.29,-0.3418570910409866,65.81429089590134
2025-04-11,35.39,-0.35817918026840767,64.18208197315923
2025-04-12,34.83,-0.3683351468988031,63.16648531011969
2025-04-13,31.04,-0.4370692782009431,56.29307217990569
2025-04-14,31.14,-0.43525571273122954,56.47442872687704
2025-04-15,30.8,-0.4414218353282553,55.85781646717447
2025-04-16,31.08,-0.4363438520130577,56.36561479869423
2025-04-17,30.75,-0.4423286180631121,55.767138193688794
2025-04-18,30.88,-0.4399709829524846,56.00290170475154
2025-04-19,31.67,-0.42564381574174825,57.435618425825176
2025-04-20,31.0,-0.4377947043888284,56.22052956111716
2025-04-21,31.21,-0.4339862169024302,56.60137830975698
2025-04-22,33.03,-0.4009793253536452,59.90206746463548
2025-04-23,34.25,-0.37885382662314115,62.114617337685885
2025-04-24,34.28,-0.378309756982227,62.1690243017773
2025-04-25,34.18,-0.3801233224519406,61.98766775480594
2025-04-26,33.43,-0.3937250634747914,60.62749365252086
2025-04-27,32.55,-0.40968443960826995,59.031556039173005
2025-04-28,35.63,-0.35382662314109536,64.61733768589046
2025-04-29,34.56,-0.3732317736670293,62.67682263329707
2025-04-30,36.09,-0.3454842219804134,65.45157780195866
2025-05-01,37.41,-0.321545157780196,67.8454842219804
2025-05-02,36.28,-0.3420384475879579,65.79615524120422
2025-05-03,35.82,-0.35038084874863984,64.96191512513602
2025-05-04,35.63,-0.35382662314109536,64.61733768589046
2025-05-05,36.56,-0.33696046427276016,66.30395357272398
2025-05-06,38.09,-0.30921291258614425,69.07870874138557
2025-05-07,40.49,-0.2656873413130214,73.43126586869786
2025-05-08,42.0,-0.23830250272034825,76.16974972796517
2025-05-09,41.88,-0.24047878128400435,75.95212187159956
2025-05-10,43.59,-0.20946681175190418,79.05331882480958
2025-05-11,45.23,-0.17972433804860366,82.02756619513963
2025-05-12,44.46,-0.19368879216539714,80.63112078346029
2025-05-13,43.52,-0.2107363075807036,78.92636924192963
2025-05-14,42.0,-0.23830250272034825,76.16974972796517
2025-05-15,41.8,-0.24192963365977516,75.80703663402248
2025-05-16,40.36,-0.2680449764236489,73.1955023576351
2025-05-17,40.48,-0.2658686978599928,73.41313021400072
2025-05-18,41.41,-0.2490025389916577,75.09974610083422
2025-05-19,40.68,-0.2622415669205659,73.77584330794342
2025-05-20,41.18,-0.2531737395719985,74.68262604280015
2025-05-21,42.96,-0.22089227421109903,77.9107725788901
2025-05-22,48.97,-0.11189698948132032,88.81030105186797
2025-05-23,46.91,-0.14925643815741751,85.07435618425825
2025-05-24,49.49,-0.1024664490388103,89.75335509611897
2025-05-25,54.58,-0.010155966630395419,98.98440333696045
2025-05-26,54.33,-0.014689880304678993,98.5310119695321
2025-05-27,51.89,-0.05894087776568735,94.10591222343126
2025-05-28,53.28,-0.03373231773667029,96.62676822633297
2025-05-29,53.2,-0.03518317011244099,96.4816829887559
2025-05-30,47.43,-0.1398258977149075,86.01741022850925
2025-05-31,50.18,-0.08995284729778752,91.00471527022125
2025-06-01,53.1,-0.03699673558215455,96.30032644178455
2025-06-02,54.0,-0.020674646354733373,97.93253536452666
2025-06-03,54.39,-0.013601741022850944,98.6398258977149
2025-06-04,50.32,-0.08741385564018866,91.25861443598113
2025-06-05,47.57,-0.13728690605730864,86.27130939426914
2025-06-06,48.17,-0.12640551323902793,87.3594486760972
2025-06-07,50.24,-0.08886470801595936,91.11352919840407
2025-06-08,48.73,-0.11624954660863263,88.37504533913673
2025-06-09,51.62,-0.06383750453391368,93.61624954660863
2025-06-10,51.9,-0.05875952121871608,94.1240478781284
2025-06-11,50.06,-0.09212912586144362,90.78708741385564
2025-06-12,48.0,-0.1294885745375408,87.05114254624591
2025-06-13,45.27,-0.17899891186071815,82.10010881392819
2025-06-14,44.19,-0.19858541893362358,80.14145810663764
2025-06-15,43.45,-0.21200580340950304,78.79941965904969
2025-06-16,43.1,-0.21835328255350017,78.16467174464998
2025-06-17,41.2,-0.25281102647805587,74.71889735219442
2025-06-18,42.08,-0.23685165034457745,76.31483496554226
2025-06-19,41.68,-0.24410591222343125,75.58940877765687
2025-06-20,40.34,-0.26840768951759153,73.15923104824084
2025-06-21,39.52,-0.2832789263692419,71.67210736307581
2025-06-22,38.19,-0.3073993471164309,69.26006528835691
2025-06-23,41.55,-0.24646354733405884,75.35364526659411
2025-06-24,42.8,-0.22379397896264064,77.62060210373593
2025-06-25,41.43,-0.24863982589771494,75.1360174102285
2025-06-26,39.25,-0.28817555313746823,71.18244468625318
2025-06-27,38.54,-0.3010518679724338,69.89481320275662
2025-06-28,39.02,-0.29234675371780916,70.76532462821909
2025-06-29,40.1,-0.27276024664490384,72.72397533550962
2025-06-30,38.27,-0.3059484947406601,69.40515052593399
2025-07-01,36.92,-0.33043162858179176,66.95683714182083
2025-07-02,38.92,-0.2941603191875226,70.58396808124773
2025-07-03,40.92,-0.25788900979325347,74.21109902067465
2025-07-04,40.11,-0.27257889009793257,72.74211099020674
2025-07-05,39.24,-0.2883569096844396,71.16430903155604
2025-07-06,39.33,-0.28672470076169754,71.32752992383024
2025-07-07,38.77,-0.29688066739209285,70.31193326079071
2025-07-08,43.7,-0.20747188973521935,79.25281102647807
2025-07-09,41.02,-0.25607544432354,74.392455567646
2025-07-10,42.08,-0.23685165034457745,76.31483496554226
2025-07-11,42.05,-0.23739571998549158,76.26042800145085
2025-07-12,42.28,-0.23322451940515054,76.67754805948495
2025-07-13,42.37,-0.23159231048240847,76.84076895175916
2025-07-14,43.17,-0.21708378672470074,78.29162132752992
2025-07-15,43.78,-0.20602103735944866,79.39789626405513
2025-07-16,44.24,-0.1976786361987668,80.23213638012332
2025-07-17,45.42,-0.1762785636561479,82.37214363438521
2025-07-18,44.29,-0.19677185346391002,80.322814653609
2025-07-19,44.72,-0.1889735219441422,81.10264780558578
2025-07-20,44.99,-0.18407689517591586,81.59231048240841
2025-07-21,44.59,-0.19133115705476966,80.86688429452303
2025-07-22,44.1,-0.20021762785636554,79.97823721436345
2025-07-23,41.33,-0.2504533913674284,74.95466086325716
2025-07-24,40.21,-0.2707653246282191,72.92346753717808
2025-07-25,40.8,-0.2600652883569098,73.99347116430903
2025-07-26,41.2,-0.25281102647805587,74.71889735219442
2025-07-27,41.9,-0.2401160681900617,75.98839318099382
2025-07-28,40.67,-0.26242292346753715,73.75770765324629
2025-07-29,40.5,-0.26550598476605003,73.449401523395
2025-07-30,38.45,-0.30268407689517585,69.73159231048241
2025-07-31,36.96,-0.32970620239390647,67.02937976060936
2025-08-01,35.94,-0.34820457018498374,65.17954298150163
2025-08-02,35.42,-0.35763511062749365,64.23648893725064
2025-08-03,36.15,-0.34439608269858546,65.56039173014145
2025-08-04,37.06,-0.3278926369241929,67.2107363075807
2025-08-05,35.51,-0.3560029017047516,64.39970982952484
2025-08-06,36.14,-0.3445774392455567,65.54225607544433
2025-08-07,38.12,-0.30866884294523034,69.13311570547697
2025-08-08,38.75,-0.2972433804860356,70.27566195139644
2025-08-09,39.7,-0.28001450852375764,71.99854914762423
2025-08-10,39.53,-0.2830975698222705,71.69024301777294
2025-08-11,36.65,-0.3353282553500182,66.46717446499818
2025-08-12,39.54,-0.28291621327529926,71.70837867247008
2025-08-13,39.35,-0.2863619876677548,71.36380123322452
2025-08-14,36.62,-0.3358723249909322,66.41276750090678
2025-08-15,36.43,-0.33931809938338775,66.06819006166123
2025-08-16,36.77,-0.333151976786362,66.6848023213638
2025-08-17,37.03,-0.32843670656510704,67.15632934348929
2025-08-18,35.34,-0.35908596300326434,64.09140369967356
2025-08-19,34.66,-0.37141820819731597,62.8581791802684
2025-08-20,39.05,-0.29180268407689525,70.81973159231048
2025-08-21,42.56,-0.22814653608995283,77.18534639100471
2025-08-22,43.95,-0.20293797606093578,79.70620239390642
2025-08-23,44.82,-0.18715995647442873,81.28400435255713
2025-08-24,42.57,-0.22796517954298146,77.20348204570186
2025-08-25,39.78,-0.27856365614798695,72.14363438520131
2025-08-26,42.8,-0.22379397896264064,77.62060210373593
2025-08-27,42.27,-0.2334058759521218,76.65941240478782
2025-08-28,42.47,-0.22977874501269502,77.0221254987305
2025-08-29,40.21,-0.2707653246282191,72.92346753717808
2025-08-30,40.05,-0.2736670293797606,72.63329706202394
2025-08-31,40.43,-0.26677548059484946,73.32245194051505
2025-09-01,40.55,-0.26459920203119336,73.54007979688066
2025-09-02,41.57,-0.24610083424011608,75.3899165759884
2025-09-03,41.57,-0.24610083424011608,75.3899165759884
2025-09-04,40.77,-0.2606093579978237,73.93906420021763
2025-09-05,41.1,-0.2546245919477693,74.53754080522307
2025-09-06,47.46,-0.13928182807399347,86.07181719260065
2025-09-07,48.4,-0.122234312658687,87.7765687341313
2025-09-08,50.66,-0.0812477330431629,91.87522669568371
2025-09-09,48.32,-0.1236851650344577,87.63148349655422
2025-09-10,47.87,-0.1318462096481684,86.81537903518316
2025-09-11,47.94,-0.13057671381936897,86.9423286180631
2025-09-12,49.75,-0.09775117881755535,90.22488211824447
2025-09-13,52.85,-0.041530649256438124,95.84693507435618
2025-09-14,50.47,-0.08469350743561843,91.53064925643815
2025-09-15,49.93,-0.0944867609720711,90.55132390279289
2025-09-16,51.38,-0.06819006166122599,93.1809938338774
2025-09-17,51.21,-0.07127312295973887,92.87268770402612
2025-09-18,50.39,-0.08614435981138924,91.38556401886107
2025-09-19,48.96,-0.11207834602829159,88.79216539717085
2025-09-20,50.62,-0.08197315923104831,91.80268407689518
2025-09-21,51.84,-0.05984766050054402,94.0152339499456
2025-09-22,48.61,-0.11842582517228872,88.15741748277112
2025-09-23,55.12,-0.00036271309394275697,99.96372869060572
2025-09-24,58.73,0.065107000362713,106.5107000362713
2025-09-25,54.5,-0.011606819006166114,98.83931809938339
2025-09-26,56.27,0.020493289807762105,102.04932898077621
2025-09-27,55.64,0.00906782734856737,100.90678273485673
2025-09-28,61.08,0.10772578890097928,110.77257889009793
2025-09-29,72.06,0.3068552774755169,130.6855277475517
2025-09-30,74.32,0.3478418570910409,134.7841857091041
2025-10-01,120.76,1.1900616612259705,219.00616612259705
2025-10-02,131.39,1.3828436706565106,238.28436706565105
2025-10-03,127.32,1.309031556039173,230.9031556039173
2025-10-04,156.78,1.8433079434167574,284.33079434167576
2025-10-05,165.35,1.9987305041712005,299.87305041712006
2025-10-06,155.96,1.8284367065651073,282.8436706565107
2025-10-07,127.26,1.307943416757345,230.7943416757345
2025-10-08,177.56,2.2201668480232137,322.0166848023214
2025-10-09,212.57,2.8550961189698945,385.50961189698944
2025-10-10,225.28,3.0856002901704755,408.56002901704755
2025-10-11,291.0,4.277475516866159,527.7475516866159
2025-10-12,260.42,3.7228871962277843,472.28871962277844
2025-10-13,249.13,3.5181356546971347,451.81356546971347
2025-10-14,247.78,3.4936525208560028,449.3652520856003
2025-10-15,230.01,3.1713819368879212,417.1381936887921
2025-10-16,205.07,2.7190787087413852,371.90787087413855
2025-10-17,217.8,2.949945593035909,394.9945593035909
2025-10-18,221.36,3.0145085237577076,401.45085237577075
2025-10-19,235.77,3.2758433079434166,427.58433079434167
2025-10-20,268.61,3.8714182081973165,487.14182081973166
2025-10-21,262.93,3.7684076895175913,476.8407689517591
2025-10-22,238.65,3.3280739934711647,432.8073993471165
2025-10-23,243.56,3.4171200580340955,441.71200580340957
2025-10-24,269.94,3.8955386289445046,489.55386289445045
2025-10-25,276.12,4.007616974972796,500.7616974972796
2025-10-26,325.24,4.898440333696047,589.8440333696046
2025-10-27,341.75,5.197859992745738,619.7859992745738
2025-10-28,315.85,4.7281465360899535,572.8146536089954
2025-10-29,351.59,5.376314834965542,637.6314834965542
2025-10-30,345.56,5.266956837141821,626.6956837141821
2025-10-31,404.54,6.336597751178818,733.6597751178818
2025-11-01,412.13,6.474247370330069,747.4247370330069
2025-11-02,418.52,6.590134203844759,759.0134203844759
2025-11-03,433.88,6.8686978599927455,786.8697859992745
2025-11-04,441.8,7.012332245194052,801.2332245194052
2025-11-05,478.33,7.674827711280377,867.4827711280377
2025-11-06,535.84,8.717809212912586,971.7809212912587
2025-11-07,645.44,10.705476967718536,1170.5476967718535
2025-11-08,600.77,9.895357272397533,1089.5357272397532
2025-11-09,615.8,10.167936162495465,1116.7936162495466
2025-11-10,522.13,8.46916938701487,946.9169387014871
2025-11-11,443.43,7.041893362350381,804.1893362350381
2025-11-12,504.91,8.156873413130214,915.6873413130213
2025-11-13,519.51,8.421653971708379,942.1653971708379
2025-11-14,608.68,10.038810301051868,1103.8810301051867
2025-11-15,670.84,11.166122597025753,1216.6122597025753
2025-11-16,699.0,11.676822633297062,1267.6822633297063
2025-11-17,610.54,10.072542618788537,1107.2542618788536
2025-11-18,625.26,10.339499455930358,1133.9499455930359
2025-11-19,674.7,11.236126224156692,1223.6126224156692
2025-11-20,655.82,10.893725063474792,1189.3725063474792
2025-11-21,550.76,8.988393180993834,998.8393180993834
2025-11-22,518.0,8.394269133115705,939.4269133115705
2025-11-23,572.91,9.390097932535364,1039.0097932535364
2025-11-24,519.94,8.429452303228148,942.9452303228148
2025-11-25,511.31,8.272941603191875,927.2941603191874
2025-11-26,527.05,8.558396808124773,955.8396808124772
2025-11-27,490.07,7.887740297424736,888.7740297424737
2025-11-28,452.02,7.197678636198766,819.7678636198766
2025-11-29,460.48,7.351106274936525,835.1106274936525
2025-11-30,427.94,6.760972071091766,776.0972071091766
2025-12-01,343.91,5.237033006891549,623.7033006891548
2025-12-02,312.81,4.673014145810663,567.3014145810663
2025-12-03,338.72,5.142908959013421,614.2908959013421
2025-12-04,367.57,5.666122597025752,666.6122597025752
2025-12-05,360.07,5.530105186797243,653.0105186797243
2025-12-06,341.55,5.194232861806311,619.4232861806311
2025-12-07,342.78,5.216539717083786,621.6539717083787
2025-12-08,405.48,6.353645266594124,735.3645266594124
2025-12-09,433.02,6.85310119695321,785.310119695321
2025-12-10,404.43,6.334602829162133,733.4602829162133
2025-12-11,450.89,7.1771853463910045,817.7185346391004
2025-12-12,454.99,7.251541530649256,825.1541530649256
2025-12-13,443.1,7.035908596300327,803.5908596300327
2025-12-14,404.31,6.332426550598477,733.2426550598477
2025-12-15,413.57,6.500362713093942,750.0362713093942
2025-12-16,404.61,6.337867247007617,733.7867247007617
2025-12-17,376.62,5.830250272034821,683.0250272034821
2025-12-18,388.45,6.044795067101922,704.4795067101921
2025-12-19,444.02,7.05259339862169,805.259339862169
2025-12-20,447.1,7.108451215088865,810.8451215088865
2025-12-21,441.32,7.003627130939426,800.3627130939426
2025-12-22,431.58,6.826985854189336,782.6985854189336
2025-12-23,417.41,6.57000362713094,757.000362713094
2025-12-24,448.67,7.136924192963367,813.6924192963367
2025-12-25,438.08,6.944867609720711,794.4867609720711
2025-12-26,448.15,7.127493652520856,812.7493652520857
2025-12-27,516.1,8.359811389191151,935.9811389191151
2025-12-28,530.05,8.612803772216177,961.2803772216176
2025-12-29,540.49,8.802140007254263,980.2140007254262
2025-12-30,529.61,8.604824084149438,960.4824084149438
2025-12-31,512.31,8.29107725788901,929.1077257889009
2026-01-01,526.06,8.540442509974609,954.0442509974608
2026-01-02,488.52,7.859630032644178,885.9630032644178
2026-01-03,511.51,8.276568734131303,927.6568734131303
2026-01-04,502.21,8.10790714544795,910.7907145447949
2026-01-05,503.5,8.131302140007254,913.1302140007253
2026-01-06,501.99,8.103917301414581,910.3917301414581
2026-01-07,469.52,7.515052593398622,851.5052593398622
2026-01-08,421.96,6.652520856002901,765.2520856002901
2026-01-09,418.47,6.589227421109903,758.9227421109903
2026-01-10,375.76,5.814653608995284,681.4653608995284
2026-01-11,381.62,5.920928545520494,692.0928545520494
2026-01-12,407.0,6.381211461733768,738.1211461733768
2026-01-13,404.27,6.331701124410591,733.1701124410591
2026-01-14,447.21,7.11044613710555,811.0446137105549
2026-01-15,414.37,6.514871236851651,751.4871236851651
2026-01-16,411.15,6.456474428726876,745.6474428726876
2026-01-17,400.26,6.258977149075081,725.8977149075081
2026-01-18,376.62,5.830250272034821,683.0250272034821
2026-01-19,369.23,5.696227783822996,669.6227783822997
2026-01-20,349.78,5.3434892999637285,634.3489299963728
2026-01-21,355.74,5.451577801958651,645.1577801958651
2026-01-22,365.52,5.6289445048966265,662.8944504896626
2026-01-23,367.91,5.672288719622779,667.2288719622779
2026-01-24,359.79,5.525027203482046,652.5027203482045
2026-01-25,329.39,4.973703300689155,597.3703300689155
2026-01-26,367.63,5.667210736307581,666.7210736307582
2026-01-27,399.83,6.251178817555314,725.1178817555314
2026-01-28,371.06,5.729416031918753,672.9416031918753
2026-01-29,353.49,5.410772578890098,641.0772578890098
2026-01-30,340.66,5.1780921291258615,617.8092129125862
2026-01-31,303.07,4.496372869060573,549.6372869060573
2026-02-01,305.98,4.549147624229235,554.9147624229236
2026-02-02,295.73,4.363257163583605,536.3257163583605
2026-02-03,270.7,3.909321726514327,490.9321726514327
2026-02-04,251.84,3.567283278926369,456.7283278926369
2026-02-05,205.0,2.717809212912586,371.7809212912586
2026-02-06,240.61,3.3636198766775482,436.3619876677548
2026-02-07,240.45,3.360718171926006,436.07181719260063
2026-02-08,239.91,3.3509249183895538,435.09249183895537
2026-02-09,240.34,3.358723249909322,435.8723249909322
2026-02-10,233.91,3.242110990206746,424.2110990206746
2026-02-11,240.43,3.360355458832064,436.0355458832064
2026-02-12,233.07,3.2268770402611535,422.68770402611534
2026-02-13,267.31,3.8478418570910407,484.78418570910407
2026-02-14,323.52,4.8672470076169745,586.7247007616975
2026-02-15,297.77,4.40025389916576,540.0253899165759
2026-02-16,294.13,4.33424011606819,533.424011606819
2026-02-17,296.38,4.375045339136743,537.5045339136743
2026-02-18,264.62,3.7990569459557486,479.90569459557486
2026-02-19,262.17,3.7546245919477697,475.46245919477695
2026-02-20,258.97,3.696590496916939,469.6590496916939
2026-02-21,259.92,3.713819368879217,471.3819368879217
2026-02-22,244.64,3.4367065651070003,443.67065651070004
2026-02-23,237.56,3.308306129851288,430.83061298512877
2026-02-24,242.78,3.40297424737033,440.297424737033
2026-02-25,244.21,3.428908233587233,442.8908233587233
2026-02-26,238.96,3.333696046427276,433.3696046427276
2026-02-27,219.35,2.978055857816467,397.8055857816467
2026-02-28,220.27,2.9947406601378312,399.4740660137831
2026-03-01,213.38,2.8697859992745736,386.97859992745737
2026-03-02,223.85,3.0596663039535725,405.96663039535724
2026-03-03,220.93,3.0067101922379402,400.671019223794
2026-03-04,243.52,3.4163946318462095,441.6394631846209
2026-03-05,226.48,3.1073630758070365,410.7363075807036
2026-03-06,210.1,2.810301051867972,381.0301051867972
2026-03-07,197.25,2.5772578890097932,357.7257889009793
2026-03-08,197.9,2.5890460645629307,358.9046064562931
2026-03-09,214.52,2.8904606456293074,389.0460645629307
2026-03-10,222.64,3.0377221617700396,403.77221617700394
2026-03-11,212.87,2.860536815379035,386.0536815379035
2026-03-12,208.47,2.780739934711643,378.0739934711643
2026-03-13,208.22,2.7762060210373596,377.62060210373596
2026-03-14,213.18,2.866158868335147,386.6158868335147
2026-03-15,229.66,3.165034457743925,416.5034457743925
2026-03-16,276.87,4.021218715995648,502.12187159956477
2026-03-17,272.64,3.9445048966267677,494.4504896626768
2026-03-18,248.71,3.5105186797243384,451.05186797243385
2026-03-19,234.66,3.2557127312295977,425.5712731229598
2026-03-20,234.53,3.2533550961189697,425.33550961189695
2026-03-21,219.79,2.9860355458832064,398.60355458832066
2026-03-22,217.37,2.9421472615161406,394.21472615161406
2026-03-23,228.53,3.144541167936162,414.4541167936162
2026-03-24,242.09,3.3904606456293074,439.0460645629307
2026-03-25,231.89,3.2054769677185346,420.54769677185345
2026-03-26,222.12,3.02829162132753,402.829162132753
2026-03-27,215.67,2.911316648531012,391.1316648531012
2026-03-28,213.59,2.873594486760972,387.3594486760972
2026-03-29,215.04,2.899891186071817,389.9891186071817
2026-03-30,225.74,3.093942691331157,409.3942691331157
2026-03-31,248.51,3.5068915487849113,450.68915487849114
2026-04-01,251.4,3.5593035908596304,455.93035908596306
2026-04-02,240.84,3.3677910772578894,436.77910772578895
2026-04-03,234.41,3.2511788175553136,425.11788175553136
2026-04-04,251.14,3.5545883206383744,455.45883206383746
2026-04-05,245.08,3.4446862531737397,444.46862531737395
2026-04-06,251.54,3.5618425825172286,456.18425825172284
2026-04-07,320.78,4.817555313746825,581.7555313746825
2026-04-08,323.48,4.866521581429089,586.6521581429089
2026-04-09,366.68,5.649981864345303,664.9981864345303
2026-04-10,375.46,5.809212912586144,680.9212912586144
2026-04-11,370.7,5.722887196227783,672.2887196227783
2026-04-12,362.27,5.570003627130939,657.0003627130939
2026-04-13,368.08,5.6753717809212905,667.537178092129
2026-04-14,354.17,5.42310482408415,642.3104824084149
2026-04-15,345.87,5.2725788900979325,627.2578890097932
2026-04-16,340.17,5.169205658324266,616.9205658324266
2026-04-17,328.9,4.964816829887559,596.4816829887559
2026-04-18,323.15,4.860536815379035,586.0536815379035
2026-04-19,301.41,4.4662676822633305,546.6267682263331
2026-04-20,312.19,4.66177003989844,566.177003989844
2026-04-21,316.75,4.744468625317374,574.4468625317375
2026-04-22,316.52,4.740297424737032,574.0297424737032
2026-04-23,342.56,5.212549873050417,621.2549873050417
2026-04-24,359.28,5.515778019586507,651.5778019586506
2026-04-25,358.88,5.508523757707653,650.8523757707653
2026-04-26,355.09,5.439789626405513,643.9789626405512
2026-04-27,355.33,5.444142183532825,644.4142183532824
2026-04-28,336.26,5.098295248458469,609.8295248458469
2026-04-29,327.43,4.938157417482771,593.8157417482771
2026-04-30,350.55,5.357453754080522,635.7453754080522
2026-05-01,384.97,5.981682988755894,698.1682988755895
2026-05-02,387.85,6.033913674283642,703.3913674283642
2026-05-03,413.2,6.493652520856003,749.3652520856003
2026-05-04,422.67,6.665397170837868,766.5397170837867
2026-05-05,517.03,8.376677548059485,937.6677548059484
2026-05-06,554.24,9.051505259339862,1005.1505259339863
2026-05-07,574.7,9.422560754443236,1042.2560754443236
2026-05-08,613.09,10.118788538266232,1111.8788538266233
2026-05-09,594.59,9.783278926369242,1078.3278926369242
2026-05-10,592.8,9.75081610446137,1075.081610446137
2026-05-11,556.86,9.099020674646354,1009.9020674646354
2026-05-12,571.25,9.35999274573812,1035.999274573812
2026-05-13,524.58,8.513601741022851,951.3601741022851
2026-05-14,560.43,9.163764961915124,1016.3764961915124
2026-05-15,515.4,8.347116430903155,934.7116430903154
2026-05-16,511.34,8.27348567283279,927.348567283279
2026-05-17,535.95,8.719804134929271,971.9804134929271
2026-05-18,563.48,9.219078708741385,1021.9078708741386
2026-05-19,573.98,9.4095030830613,1040.95030830613
2026-05-20,673.54,11.215088864708015,1221.5088864708016
2026-05-21,664.45,11.050235763511063,1205.0235763511064
2026-05-22,582.87,9.570729053318825,1057.0729053318826
2026-05-23,630.78,10.43960826985854,1143.960826985854
2026-05-24,662.87,11.02158142908959,1202.158142908959
2026-05-25,652.57,10.834784185709104,1183.4784185709104
2026-05-26,568.77,9.315016322089226,1031.5016322089227
2026-05-27,542.28,8.834602829162133,983.4602829162133
2026-05-28,547.53,8.929815016322088,992.9815016322088
2026-05-29,529.89,8.609902067464635,960.9902067464635
2026-05-30,528.49,8.584512150888647,958.4512150888647
2026-05-31,569.01,9.319368879216539,1031.9368879216538
2026-06-01,544.59,8.876496191512514,987.6496191512514
2026-06-02,609.69,10.057127312295975,1105.7127312295975
2026-06-03,620.54,10.253899165759883,1125.3899165759883
2026-06-04,459.44,7.332245194051506,833.2245194051505
2026-06-05,389.43,6.062568008705115,706.2568008705115
2026-06-06,362.36,5.571635836053682,657.1635836053682
2026-06-07,440.6,6.9905694595574905,799.056945955749
2026-06-08,459.04,7.324990932172652,832.4990932172651
2026-06-09,430.02,6.798694232861806,779.8694232861806
2026-06-10,408.61,6.410409865796155,741.0409865796155
2026-06-11,428.26,6.766775480594849,776.6775480594849
2026-06-12,411.96,6.471164309031556,747.1164309031556
2026-06-13,421.0,6.635110627493653,763.5110627493652
2026-06-14,472.64,7.571635836053682,857.1635836053682
2026-06-15,518.68,8.406601378309755,940.6601378309755
2026-06-16,505.09,8.160137830975698,916.0137830975698
2026-06-17,477.23,7.654878491113529,865.4878491113528
2026-06-18,455.84,7.266956837141821,826.6956837141821
2026-06-19,476.8,7.647080159593761,864.7080159593761
2026-06-20,470.94,7.540805223068553,854.0805223068553
2026-06-21,434.39,6.877947043888284,787.7947043888284
2026-06-22,442.27,7.020856002901704,802.0856002901704
2026-06-23,416.08,6.54588320638375,754.588320638375
2026-06-24,416.85,6.5598476605005445,755.9847660500544
2026-06-25,416.75,6.5580340950308305,755.803409503083
2026-06-26,419.27,6.603735944867609,760.3735944867609
2026-06-27,395.86,6.1791802684076895,717.9180268407689
2026-06-28,376.41,5.826441784548423,682.6441784548423
2026-06-29,407.5,6.3902792890823354,739.0279289082335
2026-06-30,399.5,6.245194051505259,724.5194051505259
2026-07-01,417.21,6.566376496191512,756.6376496191511
2026-07-02,434.51,6.88012332245194,788.012332245194
2026-07-03,460.9,7.358723249909321,835.8723249909322
2026-07-04,463.43,7.404606456293072,840.4606456293072
2026-07-05,462.23,7.382843670656511,838.284367065651
2026-07-06,452.7,7.210010881392819,821.0010881392818
2026-07-07,483.6,7.770402611534276,877.0402611534277
2026-07-08,465.99,7.451033732317736,845.1033732317736
2026-07-09,481.54,7.733043162858179,873.3043162858179
2026-07-10,499.13,8.052049328980775,905.2049328980776
2026-07-11,508.69,8.225426187885382,922.5426187885382
2026-07-12,533.53,8.675915850562205,967.5915850562205
2026-07-13,495.57,7.9874863982589765,898.7486398258976
2026-07-14,564.31,9.234131302140007,1023.4131302140007
2026-07-15,570.54,9.347116430903155,1034.7116430903154
2026-07-16,523.72,8.498005077983315,949.8005077983315
2026-07-17,547.47,8.928726877040262,992.8726877040262
2026-07-18,558.7,9.132390279289083,1013.2390279289084
2026-07-19,548.21,8.94214726151614,994.2147261516141
2026-07-20,543.85,8.863075807036635,986.3075807036635
2026-07-21,532.82,8.66303953572724,966.303953572724
2026-07-22,515.48,8.348567283278927,934.8567283278927
2026-07-23,504.87,8.15614798694233,915.614798694233
2026-07-24,488.64,7.861806311207834,886.1806311207835
2026-07-25,485.41,7.803228146536091,880.322814653609
2026-07-26,508.31,8.218534639100472,921.8534639100473
2026-07-27,476.76,7.646354733405875,864.6354733405875
2026-07-28,465.75,7.446681175190424,844.6681175190424
2026-07-29,467.5,7.47841857091041,847.841857091041
2026-07-30,470.15,7.526478055857815,852.6478055857815
2026-07-31,457.7,7.300689154878491,830.068915487849
2026-08-01,461.71,7.373413130214001,837.3413130214001
2026-08-02,489.82,7.883206383750453,888.3206383750453
2026-08-03,483.34,7.76568734131302,876.568734131302
2026-08-04,506.57,8.186978599927457,918.6978599927456
2026-08-05,512.25,8.289989118607181,928.9989118607182
2026-08-06,502.5,8.113166485310119,911.3166485310119
2026-08-07,511.53,8.276931447225245,927.6931447225245
2026-08-08,508.23,8.2170837867247,921.70837867247
2026-08-09,509.89,8.247188973521943,924.7188973521943
2026-08-10,496.35,8.001632208922743,900.1632208922742
2026-08-11,481.49,7.732136380123322,873.2136380123322
2026-08-12,490.2,7.8900979325353635,889.0097932535364
2026-08-13,490.93,7.903336960464273,890.3336960464273
2026-08-14,493.27,7.945774392455567,894.5774392455567
2026-08-15,487.96,7.849474066013782,884.9474066013781
2026-08-16,486.4,7.821182444686253,882.1182444686252
2026-08-17,514.08,8.32317736670294,932.3177366702939
2026-08-18,508.9,8.22923467537178,922.923467537178
2026-08-19,565.17,9.249727965179542,1024.972796517954
2026-08-20,568.91,9.317555313746826,1031.7555313746827
2026-08-21,734.27,12.316467174464998,1331.6467174465
2026-08-22,802.11,13.546789989118608,1454.6789989118608
2026-08-23,853.98,14.487486398258977,1548.7486398258977
2026-08-24,830.87,14.068371418208198,1506.8371418208199
2026-08-25,767.8,12.924555676459919,1392.455567645992
2026-08-26,816.1,13.80050779833152,1480.0507798331519
2026-08-27,810.0,13.689880304678999,1468.9880304679
2026-08-28,800.45,13.516684802321365,1451.6684802321365
2026-08-29,841.6,14.262966993108451,1526.296699310845
2026-08-30,835.29,14.148531011969531,1514.853101196953
2026-08-31,848.1,14.380848748639826,1538.0848748639826
2026-09-01,829.82,14.049328980776206,1504.9328980776206
2026-09-02,815.53,13.790170475154152,1479.0170475154152
2026-09-03,952.69,16.277656873413132,1727.7656873413132
2026-09-04,1022.94,17.551686615886833,1855.1686615886833
2026-09-05,1025.95,17.60627493652521,1860.627493652521
2026-09-06,1227.6,21.26332970620239,2226.332970620239
2026-09-07,1140.16,19.67754805948495,2067.754805948495
2026-09-08,1177.82,20.360536815379035,2136.0536815379037
2026-09-09,1244.28,21.565832426550596,2256.5832426550596
2026-09-10,1079.96,18.585781646717447,1958.5781646717446
2026-09-11,1164.87,20.12568008705114,2112.568008705114
2026-09-12,1123.09,19.36797243380486,2036.797243380486
2026-09-13,1062.5,18.269133115705475,1926.9133115705476
2026-09-14,1163.6,20.10264780558578,2110.264780558578
2026-09-15,1110.43,19.13837504533914,2013.837504533914
2026-09-16,1337.89,23.263511062749366,2426.3511062749367
2026-09-17,1466.84,25.602103735944866,2660.2103735944866
2026-09-18,1562.07,27.32916213275299,2832.916213275299
2026-09-19,1470.96,25.676822633297064,2667.6822633297065
2026-09-20,1509.13,26.36906057308669,2736.906057308669
2026-09-21,1471.45,25.68570910409866,2668.570910409866
2026-09-22,1630.05,28.5620239390642,2956.20239390642
2026-09-23,1498.26,26.171926006528835,2717.1926006528834
2026-09-24,1546.62,27.04896626768226,2804.8966267682263
2026-09-25,1555.69,27.213456655785276,2821.3456655785276
2026-09-26,1653.12,28.98041349292709,2998.041349292709
2026-09-27,1587.4,27.788538266231413,2878.8538266231412
2026-09-28,1483.46,25.903518317011244,2690.3518317011244
2026-09-29,1417.36,24.704751541530648,2570.475154153065
2026-09-30,1438.41,25.086507072905334,2608.6507072905333
2026-10-01,1335.56,23.22125498730504,2422.125498730504
2026-10-02,1301.48,22.603191875226695,2360.3191875226694
2026-10-03,1305.16,22.669931084512154,2366.9931084512154
2026-10-04,1352.37,23.526115342763873,2452.6115342763874
2026-10-05,1337.66,23.259339862169025,2425.9339862169027
2026-10-06,1366.65,23.785092491838956,2478.5092491838955
2026-10-07,1327.98,23.08378672470076,2408.3786724700763
2026-10-08,1187.02,20.527384838592674,2152.7384838592675
